,Unnamed: 0,Answer ID,Which of the following options do you identify with most?,Select the center where you study:,"The subjects you are currently taking, for the most part, correspond to which year?",How many days per week do you usually come to the university?,Please indicate the postal code from where you usually start your trip to the university:,"Indicate the modes of transport you use to go to the UPC. (only mark the stages that last more than 5 minutes, up to a maximum of 3 stages) [Stage 1]","Indicate the modes of transport you use to go to the UPC. (only mark the stages that last more than 5 minutes, up to a maximum of 3 stages) [Stage 2]","Indicate the modes of transport you use to go to the UPC. (only mark the stages that last more than 5 minutes, up to a maximum of 3 stages) [Stage 3]",Do you take the same route for coming and going?,"Indicate the modes of transport you use to return from the UPC. (only mark the stages that last more than 5 minutes, up to a maximum of 3 stages) [Stage 1]","Indicate the modes of transport you use to return from the UPC. (only mark the stages that last more than 5 minutes, up to a maximum of 3 stages) [Stage 2]","Indicate the modes of transport you use to return from the UPC. (only mark the stages that last more than 5 minutes, up to a maximum of 3 stages) [Stage 3]",Please indicate the main reasons why you use the transport combinations you have marked in the previous question. (Select up to a maximum of two options) [It's the fastest],Please indicate the main reasons why you use the transport combinations you have marked in the previous question. (Select up to a maximum of two options) [It's the cheapest],Please indicate the main reasons why you use the transport combinations you have marked in the previous question. (Select up to a maximum of two options) [It's the most comfortable],Please indicate the main reasons why you use the transport combinations you have marked in the previous question. (Select up to a maximum of two options) [It's the only option],Please indicate the main reasons why you use the transport combinations you have marked in the previous question. (Select up to a maximum of two options) [It has a lower environmental impact],Please indicate the main reasons why you use the transport combinations you have marked in the previous question. (Select up to a maximum of two options) [It's the healthiest],Please indicate the main reasons why you use the transport combinations you have marked in the previous question. (Select up to a maximum of two options) [I need the private vehicle for other trips],Please indicate the main reasons why you use the transport combinations you have marked in the previous question. (Select up to a maximum of two options) [Other],MitjaPersones
0,0,11,Man,"School of Industrial, Aerospace and Audiovisual Engineering of Terrassa (ESEIAAT)",Third,5,8302.0,Bus,FGC,On foot,No,"Combustion vehicle (non-plug-in hybrid, electric or plug-in hybrid with non-renewable source charging),",DATATHON,DATATHON,0,0,0,1,0,0,0,DATATHON,1.3333333333333333
1,1,12,Woman,Higher Technical School of Architecture of Barcelona (ETSAB),First,3,8290.0,"Combustion vehicle (non-plug-in hybrid, electric or plug-in hybrid with non-renewable source charging),","Combustion vehicle (non-plug-in hybrid, electric or plug-in hybrid with non-renewable source charging),","Combustion vehicle (non-plug-in hybrid, electric or plug-in hybrid with non-renewable source charging),",Yes,DATATHON,DATATHON,DATATHON,0,0,0,0,0,0,1,DATATHON,2.0
2,2,16,Man,Higher Technical School of Industrial Engineering of Barcelona (ETSEIB),First,5,8397.0,Combustion or electric motorcycle with non-renewable source charging,Renfe,Underground,Yes,DATATHON,DATATHON,DATATHON,0,1,0,0,1,0,0,DATATHON,1.3333333333333333
14,14,66,Man,Higher Technical School of Telecommunications Engineering of Barcelona (ETSETB),Second,5,8902.0,"Combustion vehicle (non-plug-in hybrid, electric or plug-in hybrid with non-renewable source charging),","Combustion vehicle (non-plug-in hybrid, electric or plug-in hybrid with non-renewable source charging),","Combustion vehicle (non-plug-in hybrid, electric or plug-in hybrid with non-renewable source charging),",Yes,DATATHON,DATATHON,DATATHON,0,0,1,0,0,0,0,DATATHON,2.0
16,16,68,Woman,School of Architecture of Vall√®s (ETSAV),Third,5,8186.0,"Combustion vehicle (non-plug-in hybrid, electric or plug-in hybrid with non-renewable source charging),",DATATHON,DATATHON,Yes,DATATHON,DATATHON,DATATHON,1,0,0,0,0,0,1,DATATHON,2.0
17,17,70,Man,Higher Technical School of Industrial Engineering of Barcelona (ETSEIB),Third,4,8018.0,Combustion or electric motorcycle with non-renewable source charging,DATATHON,DATATHON,Yes,DATATHON,DATATHON,DATATHON,1,0,1,0,0,0,0,DATATHON,2.0
54,54,174,Man,Higher Technical School of Industrial Engineering of Barcelona (ETSEIB),Fourth,3,8950.0,Combustion or electric motorcycle with non-renewable source charging,DATATHON,DATATHON,Yes,DATATHON,DATATHON,DATATHON,1,1,0,0,0,0,0,DATATHON,2.0
63,63,197,Woman,School of Agricultural Engineering and Biosystems of Barcelona (EEABB),Third,5,8850.0,Combustion or electric motorcycle with non-renewable source charging,DATATHON,DATATHON,Yes,DATATHON,DATATHON,DATATHON,1,0,1,0,0,0,0,DATATHON,2.0
66,66,204,Man,Higher Technical School of Industrial Engineering of Barcelona (ETSEIB),Fourth,6,8022.0,Combustion or electric motorcycle with non-renewable source charging,Combustion or electric motorcycle with non-renewable source charging,Combustion or electric motorcycle with non-renewable source charging,Yes,DATATHON,DATATHON,DATATHON,1,0,0,0,0,0,0,DATATHON,2.0
75,75,223,Woman,Faculty of Optics and Optometry of Terrassa (FOOT),First,4,8184.0,"Combustion vehicle (non-plug-in hybrid, electric or plug-in hybrid with non-renewable source charging),",DATATHON,DATATHON,Yes,DATATHON,DATATHON,DATATHON,1,0,1,0,0,0,0,DATATHON,2.0
77,77,225,Man,Barcelona School of Informatics (FIB),Third,4,8014.0,Scooter (or other micro-mobility devices) with renewable charging,Scooter (or other micro-mobility devices) with renewable charging,Scooter (or other micro-mobility devices) with renewable charging,Yes,DATATHON,DATATHON,DATATHON,1,1,0,0,0,0,0,DATATHON,2.0
86,86,242,Man,"School of Industrial, Aerospace and Audiovisual Engineering of Terrassa (ESEIAAT)",Third,5,8192.0,On foot,Taxi,"Combustion vehicle (non-plug-in hybrid, electric or plug-in hybrid with non-renewable source charging),",Yes,DATATHON,DATATHON,DATATHON,1,1,0,0,0,0,0,DATATHON,1.3333333333333333
88,88,250,Woman,School of Telecommunications and Aerospace Engineering of Castelldefels (EETAC),Third,5,8860.0,"Combustion vehicle (non-plug-in hybrid, electric or plug-in hybrid with non-renewable source charging),",DATATHON,DATATHON,Yes,DATATHON,DATATHON,DATATHON,0,1,0,0,1,0,0,DATATHON,2.0
90,90,253,Man,Polytechnic School of Engineering of Manresa (EPSEM),First,5,8840.0,"Combustion vehicle (non-plug-in hybrid, electric or plug-in hybrid with non-renewable source charging),",FGC,DATATHON,Yes,DATATHON,DATATHON,DATATHON,0,1,0,0,0,0,0,DATATHON,1.5
91,91,254,Woman,Polytechnic School of Engineering of Vilanova i la Geltr√∫ (EPSEVG),Fourth,3,8290.0,"Combustion vehicle (non-plug-in hybrid, electric or plug-in hybrid with non-renewable source charging),",Renfe,Renfe,Yes,DATATHON,DATATHON,DATATHON,0,1,0,0,0,0,0,DATATHON,1.3333333333333333
93,93,263,Man,Polytechnic School of Engineering of Manresa (EPSEM),First,4,8242.0,"Combustion vehicle (non-plug-in hybrid, electric or plug-in hybrid with non-renewable source charging),",DATATHON,DATATHON,Yes,DATATHON,DATATHON,DATATHON,0,0,1,0,0,0,1,DATATHON,2.0
94,94,264,Woman,"School of Industrial, Aerospace and Audiovisual Engineering of Terrassa (ESEIAAT)",Fourth,2,8150.0,"Combustion vehicle (non-plug-in hybrid, electric or plug-in hybrid with non-renewable source charging),","Combustion vehicle (non-plug-in hybrid, electric or plug-in hybrid with non-renewable source charging),","Combustion vehicle (non-plug-in hybrid, electric or plug-in hybrid with non-renewable source charging),",Yes,DATATHON,DATATHON,DATATHON,0,0,0,0,0,0,1,DATATHON,2.0
103,103,284,Man,Faculty of Nautical of Barcelona (FNB),Second,2,8950.0,Combustion or electric motorcycle with non-renewable source charging,Combustion or electric motorcycle with non-renewable source charging,Combustion or electric motorcycle with non-renewable source charging,Yes,DATATHON,DATATHON,DATATHON,0,0,1,0,1,0,0,DATATHON,2.0
108,108,292,Man,Higher Technical School of Industrial Engineering of Barcelona (ETSEIB),Second,3,8030.0,"Combustion vehicle (non-plug-in hybrid, electric or plug-in hybrid with non-renewable source charging),","Combustion vehicle (non-plug-in hybrid, electric or plug-in hybrid with non-renewable source charging),","Combustion vehicle (non-plug-in hybrid, electric or plug-in hybrid with non-renewable source charging),",Yes,DATATHON,DATATHON,DATATHON,1,0,1,0,0,0,0,DATATHON,2.0
127,127,336,Man,School of Engineering of Barcelona East (EEBE),Fourth,4,8339.0,Combustion or electric motorcycle with non-renewable source charging,DATATHON,DATATHON,Yes,DATATHON,DATATHON,DATATHON,1,0,1,0,0,0,0,DATATHON,2.0
130,130,339,Woman,Higher Technical School of Industrial Engineering of Barcelona (ETSEIB),Fourth,1,8015.0,Combustion or electric motorcycle with non-renewable source charging,Combustion or electric motorcycle with non-renewable source charging,Combustion or electric motorcycle with non-renewable source charging,Yes,DATATHON,DATATHON,DATATHON,1,0,0,0,0,0,0,DATATHON,2.0
145,145,374,Woman,Faculty of Optics and Optometry of Terrassa (FOOT),First,4,8757.0,"Combustion vehicle (non-plug-in hybrid, electric or plug-in hybrid with non-renewable source charging),",On foot,DATATHON,No,On foot,"Combustion vehicle (non-plug-in hybrid, electric or plug-in hybrid with non-renewable source charging),","Combustion vehicle (non-plug-in hybrid, electric or plug-in hybrid with non-renewable source charging),",1,0,0,0,0,0,1,DATATHON,1.1666666666666665
153,153,386,Man,"School of Industrial, Aerospace and Audiovisual Engineering of Terrassa (ESEIAAT)",Fourth,4,8202.0,"Combustion vehicle (non-plug-in hybrid, electric or plug-in hybrid with non-renewable source charging),",DATATHON,DATATHON,Yes,DATATHON,DATATHON,DATATHON,1,0,1,0,0,0,0,DATATHON,2.0
162,162,403,Man,Faculty of Nautical of Barcelona (FNB),First,5,8980.0,Combustion or electric motorcycle with non-renewable source charging,Combustion or electric motorcycle with non-renewable source charging,Combustion or electric motorcycle with non-renewable source charging,No,Combustion or electric motorcycle with non-renewable source charging,Combustion or electric motorcycle with non-renewable source charging,Combustion or electric motorcycle with non-renewable source charging,1,0,1,0,0,0,0,DATATHON,2.0
167,167,413,Man,"School of Industrial, Aerospace and Audiovisual Engineering of Terrassa (ESEIAAT)",Second,3,8033.0,Combustion or electric motorcycle with non-renewable source charging,Combustion or electric motorcycle with non-renewable source charging,Combustion or electric motorcycle with non-renewable source charging,Yes,DATATHON,DATATHON,DATATHON,1,0,1,0,0,0,0,DATATHON,2.0
168,168,421,Woman,Higher Technical School of Industrial Engineering of Barcelona (ETSEIB),First,5,8711.0,"Combustion vehicle (non-plug-in hybrid, electric or plug-in hybrid with non-renewable source charging),",Bus,Bus,Yes,DATATHON,DATATHON,DATATHON,0,0,0,1,0,0,0,DATATHON,1.3333333333333333
175,175,433,Man,School of Architecture of Vall√®s (ETSAV),Third,5,8290.0,"Combustion vehicle (non-plug-in hybrid, electric or plug-in hybrid with non-renewable source charging),","Combustion vehicle (non-plug-in hybrid, electric or plug-in hybrid with non-renewable source charging),","Combustion vehicle (non-plug-in hybrid, electric or plug-in hybrid with non-renewable source charging),",Yes,DATATHON,DATATHON,DATATHON,1,0,0,0,0,0,1,DATATHON,2.0
176,176,436,Man,School of Telecommunications and Aerospace Engineering of Castelldefels (EETAC),Fourth,4,8850.0,Renfe,"Combustion vehicle (non-plug-in hybrid, electric or plug-in hybrid with non-renewable source charging),",Electric motorcycle,Yes,DATATHON,DATATHON,DATATHON,0,0,0,0,0,0,1,DATATHON,1.6666666666666667
182,182,446,Man,Higher Technical School of Architecture of Barcelona (ETSAB),Fourth,3,8480.0,"Combustion vehicle (non-plug-in hybrid, electric or plug-in hybrid with non-renewable source charging),",Renfe,Underground,Yes,DATATHON,DATATHON,DATATHON,0,1,0,1,0,0,0,DATATHON,1.3333333333333333
196,196,471,Non binary,Barcelona School of Informatics (FIB),Fourth,5,8202.0,Combustion or electric motorcycle with non-renewable source charging,Underground,Renfe,Yes,DATATHON,DATATHON,DATATHON,0,0,1,0,0,0,0,DATATHON,1.3333333333333333
199,199,475,Man,Polytechnic School of Engineering of Manresa (EPSEM),Second,5,8182.0,"Combustion vehicle (non-plug-in hybrid, electric or plug-in hybrid with non-renewable source charging),","Combustion vehicle (non-plug-in hybrid, electric or plug-in hybrid with non-renewable source charging),","Combustion vehicle (non-plug-in hybrid, electric or plug-in hybrid with non-renewable source charging),",Yes,DATATHON,DATATHON,DATATHON,0,0,0,1,0,0,1,DATATHON,2.0
205,205,495,Man,Barcelona School of Informatics (FIB),Fourth,4,8197.0,FGC,"Combustion vehicle (non-plug-in hybrid, electric or plug-in hybrid with non-renewable source charging),","Combustion vehicle (non-plug-in hybrid, electric or plug-in hybrid with non-renewable source charging),",Yes,DATATHON,DATATHON,DATATHON,0,0,0,0,0,0,1,DATATHON,1.6666666666666667
217,217,536,Man,Polytechnic School of Engineering of Manresa (EPSEM),Fourth,3,8180.0,"Combustion vehicle (non-plug-in hybrid, electric or plug-in hybrid with non-renewable source charging),",DATATHON,DATATHON,Yes,DATATHON,DATATHON,DATATHON,1,0,1,0,0,0,0,DATATHON,2.0
227,227,562,Man,Faculty of Nautical of Barcelona (FNB),Second,3,8912.0,Combustion or electric motorcycle with non-renewable source charging,Combustion or electric motorcycle with non-renewable source charging,DATATHON,Yes,DATATHON,DATATHON,DATATHON,1,0,0,0,0,0,0,DATATHON,2.0
230,230,571,Woman,School of Agricultural Engineering and Biosystems of Barcelona (EEABB),Third,5,8924.0,"Combustion vehicle (non-plug-in hybrid, electric or plug-in hybrid with non-renewable source charging),","Combustion vehicle (non-plug-in hybrid, electric or plug-in hybrid with non-renewable source charging),","Combustion vehicle (non-plug-in hybrid, electric or plug-in hybrid with non-renewable source charging),",Yes,DATATHON,DATATHON,DATATHON,0,0,1,0,0,0,0,DATATHON,2.0
238,238,595,Man,School of Engineering of Barcelona East (EEBE),Fourth,5,DATATHON,Combustion or electric motorcycle with non-renewable source charging,Combustion or electric motorcycle with non-renewable source charging,Combustion or electric motorcycle with non-renewable source charging,Yes,DATATHON,DATATHON,DATATHON,1,0,1,0,0,0,0,DATATHON,2.0
247,247,612,Man,School of Architecture of Vall√®s (ETSAV),Fourth,5,8198.0,DATATHON,"Combustion vehicle (non-plug-in hybrid, electric or plug-in hybrid with non-renewable source charging),",FGC,Yes,DATATHON,DATATHON,DATATHON,1,0,0,0,0,0,0,DATATHON,1.5
249,249,618,Woman,Higher Technical School of Industrial Engineering of Barcelona (ETSEIB),Second,1,8940.0,Underground,Tram,"Combustion vehicle (non-plug-in hybrid, electric or plug-in hybrid with non-renewable source charging),",Yes,DATATHON,DATATHON,DATATHON,0,0,1,0,0,0,1,DATATHON,1.3333333333333333
254,254,623,Man,Higher Technical School of Telecommunications Engineering of Barcelona (ETSETB),Second,5,8100.0,"Combustion vehicle (non-plug-in hybrid, electric or plug-in hybrid with non-renewable source charging),",DATATHON,DATATHON,Yes,DATATHON,DATATHON,DATATHON,1,0,1,0,0,0,0,DATATHON,2.0
258,258,631,Man,"School of Industrial, Aerospace and Audiovisual Engineering of Terrassa (ESEIAAT)",First,3,8338.0,"Combustion vehicle (non-plug-in hybrid, electric or plug-in hybrid with non-renewable source charging),","Combustion vehicle (non-plug-in hybrid, electric or plug-in hybrid with non-renewable source charging),","Combustion vehicle (non-plug-in hybrid, electric or plug-in hybrid with non-renewable source charging),",Yes,DATATHON,DATATHON,DATATHON,1,0,1,0,0,0,0,DATATHON,2.0
266,266,644,Man,Higher Technical School of Industrial Engineering of Barcelona (ETSEIB),Second,4,8784.0,"Combustion vehicle (non-plug-in hybrid, electric or plug-in hybrid with non-renewable source charging),",Bus,DATATHON,Yes,DATATHON,DATATHON,DATATHON,1,0,1,0,0,0,0,DATATHON,1.5
269,269,648,Man,School of Agricultural Engineering and Biosystems of Barcelona (EEABB),Third,5,8733.0,"Combustion vehicle (non-plug-in hybrid, electric or plug-in hybrid with non-renewable source charging),","Combustion vehicle (non-plug-in hybrid, electric or plug-in hybrid with non-renewable source charging),","Combustion vehicle (non-plug-in hybrid, electric or plug-in hybrid with non-renewable source charging),",No,"Combustion vehicle (non-plug-in hybrid, electric or plug-in hybrid with non-renewable source charging),","Combustion vehicle (non-plug-in hybrid, electric or plug-in hybrid with non-renewable source charging),","Combustion vehicle (non-plug-in hybrid, electric or plug-in hybrid with non-renewable source charging),",1,0,0,1,0,0,0,DATATHON,2.0
270,270,649,Man,Barcelona School of Informatics (FIB),Second,3,17401.0,Combustion or electric motorcycle with non-renewable source charging,Renfe,Underground,Yes,DATATHON,DATATHON,DATATHON,0,0,0,1,0,0,0,DATATHON,1.3333333333333333
284,284,673,Man,Higher Technical School of Industrial Engineering of Barcelona (ETSEIB),Fourth,5,8026.0,Scooter (or other micro-mobility devices) with renewable charging,Bus,Underground,Yes,DATATHON,DATATHON,DATATHON,0,1,0,1,0,0,0,DATATHON,1.3333333333333333
289,289,682,Woman,School of Agricultural Engineering and Biosystems of Barcelona (EEABB),Second,5,8810.0,"Combustion vehicle (non-plug-in hybrid, electric or plug-in hybrid with non-renewable source charging),","Combustion vehicle (non-plug-in hybrid, electric or plug-in hybrid with non-renewable source charging),","Combustion vehicle (non-plug-in hybrid, electric or plug-in hybrid with non-renewable source charging),",Yes,DATATHON,DATATHON,DATATHON,1,0,0,0,0,0,0,The connection with public transport where I live is not viable in terms of time and economy,2.0
290,290,683,Man,Polytechnic School of Engineering of Manresa (EPSEM),First,5,8692.0,DATATHON,DATATHON,Combustion or electric motorcycle with non-renewable source charging,Yes,DATATHON,DATATHON,DATATHON,1,0,1,0,0,0,0,DATATHON,2.0
292,292,685,Man,Higher Technical School of Industrial Engineering of Barcelona (ETSEIB),Second,3,8004.0,Combustion or electric motorcycle with non-renewable source charging,Combustion or electric motorcycle with non-renewable source charging,Combustion or electric motorcycle with non-renewable source charging,Yes,DATATHON,DATATHON,DATATHON,1,0,1,0,0,0,0,DATATHON,2.0
294,294,690,Man,"School of Industrial, Aerospace and Audiovisual Engineering of Terrassa (ESEIAAT)",Second,5,8031.0,"Combustion vehicle (non-plug-in hybrid, electric or plug-in hybrid with non-renewable source charging),",DATATHON,DATATHON,Yes,DATATHON,DATATHON,DATATHON,1,0,1,0,0,0,0,DATATHON,2.0
297,297,695,Man,Polytechnic School of Engineering of Manresa (EPSEM),Third,5,8243.0,On foot,Scooter (or other micro-mobility devices) with non-renewable charging,"Combustion vehicle (non-plug-in hybrid, electric or plug-in hybrid with non-renewable source charging),",Yes,DATATHON,DATATHON,DATATHON,1,0,0,0,0,0,1,DATATHON,1.3333333333333333
305,305,709,Man,Higher Technical School of Architecture of Barcelona (ETSAB),Third,5,8002.0,"Combustion vehicle (non-plug-in hybrid, electric or plug-in hybrid with non-renewable source charging),","Combustion vehicle (non-plug-in hybrid, electric or plug-in hybrid with non-renewable source charging),","Combustion vehicle (non-plug-in hybrid, electric or plug-in hybrid with non-renewable source charging),",Yes,DATATHON,DATATHON,DATATHON,1,0,1,0,0,0,0,DATATHON,2.0
306,306,711,Man,Higher Technical School of Architecture of Barcelona (ETSAB),Second,4,8440.0,DATATHON,DATATHON,"Combustion vehicle (non-plug-in hybrid, electric or plug-in hybrid with non-renewable source charging),",Yes,DATATHON,DATATHON,DATATHON,0,0,1,0,0,0,0,DATATHON,2.0
313,313,728,Woman,"School of Industrial, Aerospace and Audiovisual Engineering of Terrassa (ESEIAAT)",Third,3,8223.0,Combustion or electric motorcycle with non-renewable source charging,DATATHON,DATATHON,Yes,DATATHON,DATATHON,DATATHON,1,0,1,0,0,0,0,DATATHON,2.0
315,315,731,Woman,School of Architecture of Vall√®s (ETSAV),Second,1,8029.0,"Combustion vehicle (non-plug-in hybrid, electric or plug-in hybrid with non-renewable source charging),","Combustion vehicle (non-plug-in hybrid, electric or plug-in hybrid with non-renewable source charging),","Combustion vehicle (non-plug-in hybrid, electric or plug-in hybrid with non-renewable source charging),",Yes,DATATHON,DATATHON,DATATHON,1,0,1,0,0,0,0,DATATHON,2.0
319,319,738,Man,School of Engineering of Barcelona East (EEBE),Second,5,8017.0,Combustion or electric motorcycle with non-renewable source charging,Combustion or electric motorcycle with non-renewable source charging,Combustion or electric motorcycle with non-renewable source charging,Yes,DATATHON,DATATHON,DATATHON,1,0,0,0,0,0,0,DATATHON,2.0
329,329,761,Man,Polytechnic School of Engineering of Manresa (EPSEM),Second,5,8207.0,"Combustion vehicle (non-plug-in hybrid, electric or plug-in hybrid with non-renewable source charging),","Combustion vehicle (non-plug-in hybrid, electric or plug-in hybrid with non-renewable source charging),","Combustion vehicle (non-plug-in hybrid, electric or plug-in hybrid with non-renewable source charging),",Yes,DATATHON,DATATHON,DATATHON,1,0,0,0,0,0,0,DATATHON,2.0
334,334,771,Woman,Polytechnic University School of Building of Barcelona (EPSEB),Fourth,4,8191.0,DATATHON,DATATHON,Combustion or electric motorcycle with non-renewable source charging,No,DATATHON,DATATHON,Combustion or electric motorcycle with non-renewable source charging,0,0,0,1,0,0,0,DATATHON,2.0
346,346,794,Man,"Higher Technical School of Engineering of Roads, Canals and Ports of Barcelona (ETSECCPB)",Fourth,1,8922.0,Combustion or electric motorcycle with non-renewable source charging,Combustion or electric motorcycle with non-renewable source charging,Combustion or electric motorcycle with non-renewable source charging,Yes,DATATHON,DATATHON,DATATHON,1,0,0,0,0,0,0,DATATHON,2.0
352,352,809,Man,Barcelona School of Informatics (FIB),First,1,8172.0,"Combustion vehicle (non-plug-in hybrid, electric or plug-in hybrid with non-renewable source charging),",DATATHON,DATATHON,Yes,DATATHON,DATATHON,DATATHON,1,0,1,0,0,0,0,DATATHON,2.0
357,357,817,Woman,School of Agricultural Engineering and Biosystems of Barcelona (EEABB),First,5,8860.0,Scooter (or other micro-mobility devices) with renewable charging,Scooter (or other micro-mobility devices) with renewable charging,Scooter (or other micro-mobility devices) with renewable charging,Yes,DATATHON,DATATHON,DATATHON,1,1,0,0,0,0,0,DATATHON,2.0
363,363,827,Woman,Polytechnic University School of Building of Barcelona (EPSEB),Second,4,8370.0,DATATHON,Underground,Combustion or electric motorcycle with non-renewable source charging,Yes,DATATHON,DATATHON,DATATHON,0,1,0,0,0,0,0,DATATHON,1.5
366,366,846,Man,Barcelona School of Informatics (FIB),Second,2,8450.0,"Combustion vehicle (non-plug-in hybrid, electric or plug-in hybrid with non-renewable source charging),",DATATHON,DATATHON,Yes,DATATHON,DATATHON,DATATHON,1,0,1,0,0,0,0,DATATHON,2.0
367,367,847,Woman,Higher Technical School of Industrial Engineering of Barcelona (ETSEIB),Third,1,8402.0,Combustion or electric motorcycle with non-renewable source charging,DATATHON,DATATHON,Yes,DATATHON,DATATHON,DATATHON,0,0,1,0,0,0,0,DATATHON,2.0
374,374,856,Man,Higher Technical School of Industrial Engineering of Barcelona (ETSEIB),First,5,8860.0,"Combustion vehicle (non-plug-in hybrid, electric or plug-in hybrid with non-renewable source charging),","Combustion vehicle (non-plug-in hybrid, electric or plug-in hybrid with non-renewable source charging),","Combustion vehicle (non-plug-in hybrid, electric or plug-in hybrid with non-renewable source charging),",Yes,DATATHON,DATATHON,DATATHON,1,0,1,0,0,0,0,DATATHON,2.0
380,380,868,Man,School of Engineering of Barcelona East (EEBE),Third,4,8912.0,Renfe,Tram,Combustion or electric motorcycle with non-renewable source charging,Yes,DATATHON,DATATHON,DATATHON,1,0,0,0,0,1,0,DATATHON,1.3333333333333333
389,389,890,Man,Higher Technical School of Industrial Engineering of Barcelona (ETSEIB),Third,5,8459.0,"Combustion vehicle (non-plug-in hybrid, electric or plug-in hybrid with non-renewable source charging),",Renfe,Underground,Yes,DATATHON,DATATHON,DATATHON,1,1,0,0,0,0,0,DATATHON,1.3333333333333333
393,393,903,Man,School of Telecommunications and Aerospace Engineering of Castelldefels (EETAC),Second,5,8758.0,"Combustion vehicle (non-plug-in hybrid, electric or plug-in hybrid with non-renewable source charging),",DATATHON,DATATHON,Yes,DATATHON,DATATHON,DATATHON,1,0,1,0,0,0,0,DATATHON,2.0
395,395,911,Man,Polytechnic School of Engineering of Manresa (EPSEM),First,4,8271.0,"Combustion vehicle (non-plug-in hybrid, electric or plug-in hybrid with non-renewable source charging),","Combustion vehicle (non-plug-in hybrid, electric or plug-in hybrid with non-renewable source charging),","Combustion vehicle (non-plug-in hybrid, electric or plug-in hybrid with non-renewable source charging),",Yes,DATATHON,DATATHON,DATATHON,1,0,1,0,0,0,0,DATATHON,2.0
400,400,918,Man,Polytechnic School of Engineering of Manresa (EPSEM),First,6,8600.0,"Combustion vehicle (non-plug-in hybrid, electric or plug-in hybrid with non-renewable source charging),",DATATHON,DATATHON,Yes,DATATHON,DATATHON,DATATHON,1,0,1,0,0,0,0,DATATHON,2.0
403,403,922,Man,"Higher Technical School of Engineering of Roads, Canals and Ports of Barcelona (ETSECCPB)",Second,1,8029.0,Combustion or electric motorcycle with non-renewable source charging,DATATHON,DATATHON,Yes,DATATHON,DATATHON,DATATHON,0,0,1,0,0,0,1,DATATHON,2.0
406,406,931,Woman,School of Architecture of Vall√®s (ETSAV),Second,3,8192.0,"Combustion vehicle (non-plug-in hybrid, electric or plug-in hybrid with non-renewable source charging),",DATATHON,DATATHON,Yes,DATATHON,DATATHON,DATATHON,1,0,0,0,0,0,0,DATATHON,2.0
410,410,937,Man,School of Engineering of Barcelona East (EEBE),Third,5,8339.0,"Combustion vehicle (non-plug-in hybrid, electric or plug-in hybrid with non-renewable source charging),",DATATHON,DATATHON,Yes,DATATHON,DATATHON,DATATHON,1,0,0,0,0,0,1,DATATHON,2.0
427,427,969,Man,"School of Industrial, Aerospace and Audiovisual Engineering of Terrassa (ESEIAAT)",First,4,8170.0,"Combustion vehicle (non-plug-in hybrid, electric or plug-in hybrid with non-renewable source charging),",DATATHON,DATATHON,Yes,DATATHON,DATATHON,DATATHON,0,0,0,0,0,0,1,DATATHON,2.0
439,439,993,Woman,Polytechnic School of Engineering of Manresa (EPSEM),First,3,8650.0,"Combustion vehicle (non-plug-in hybrid, electric or plug-in hybrid with non-renewable source charging),",DATATHON,DATATHON,Yes,DATATHON,DATATHON,DATATHON,1,0,0,0,0,0,1,DATATHON,2.0
448,448,1006,Man,Faculty of Mathematics and Statistics (FME),Fourth,5,8024.0,Combustion or electric motorcycle with non-renewable source charging,DATATHON,DATATHON,Yes,DATATHON,DATATHON,DATATHON,1,0,1,0,0,0,0,DATATHON,2.0
452,452,1013,Woman,"School of Industrial, Aerospace and Audiovisual Engineering of Terrassa (ESEIAAT)",First,5,8225.0,"Combustion vehicle (non-plug-in hybrid, electric or plug-in hybrid with non-renewable source charging),",DATATHON,DATATHON,Yes,DATATHON,DATATHON,DATATHON,0,1,0,0,0,0,1,DATATHON,2.0
453,453,1014,Woman,Higher Technical School of Industrial Engineering of Barcelona (ETSEIB),Second,3,8018.0,Combustion or electric motorcycle with non-renewable source charging,DATATHON,DATATHON,Yes,DATATHON,DATATHON,DATATHON,1,0,0,0,0,0,1,DATATHON,2.0
457,457,1021,Man,"School of Industrial, Aerospace and Audiovisual Engineering of Terrassa (ESEIAAT)",Third,2,8207.0,Taxi,Taxi,DATATHON,Yes,DATATHON,DATATHON,DATATHON,0,0,0,0,0,0,1,DATATHON,2.0
458,458,1022,Man,Polytechnic School of Engineering of Manresa (EPSEM),Third,5,8784.0,"Combustion vehicle (non-plug-in hybrid, electric or plug-in hybrid with non-renewable source charging),",DATATHON,DATATHON,Yes,DATATHON,DATATHON,DATATHON,1,0,0,1,0,0,0,DATATHON,2.0
459,459,1023,Woman,School of Telecommunications and Aerospace Engineering of Castelldefels (EETAC),Fourth,5,43700.0,Electric vehicle (with Zero label and renewable source charging),DATATHON,DATATHON,Yes,DATATHON,DATATHON,DATATHON,1,0,1,0,0,0,0,DATATHON,2.0
472,472,1044,Man,School of Engineering of Barcelona East (EEBE),First,5,8225.0,Bus,FGC,"Combustion vehicle (non-plug-in hybrid, electric or plug-in hybrid with non-renewable source charging),",Yes,DATATHON,DATATHON,DATATHON,1,0,0,0,0,0,0,DATATHON,1.3333333333333333
475,475,1051,Man,"School of Industrial, Aerospace and Audiovisual Engineering of Terrassa (ESEIAAT)",Second,3,8204.0,DATATHON,DATATHON,"Combustion vehicle (non-plug-in hybrid, electric or plug-in hybrid with non-renewable source charging),",Yes,DATATHON,DATATHON,DATATHON,0,0,0,0,0,0,1,DATATHON,2.0
479,479,1056,Man,Polytechnic School of Engineering of Manresa (EPSEM),First,6,8600.0,Combustion or electric motorcycle with non-renewable source charging,DATATHON,DATATHON,Yes,DATATHON,DATATHON,DATATHON,1,0,0,0,0,0,0,DATATHON,2.0
484,484,1065,Man,Barcelona School of Informatics (FIB),Second,3,8032.0,Scooter (or other micro-mobility devices) with non-renewable charging,Scooter (or other micro-mobility devices) with non-renewable charging,Scooter (or other micro-mobility devices) with non-renewable charging,Yes,DATATHON,DATATHON,DATATHON,0,1,0,0,1,0,0,DATATHON,2.0
489,489,1074,Man,School of Architecture of Vall√®s (ETSAV),Fourth,3,8757.0,"Combustion vehicle (non-plug-in hybrid, electric or plug-in hybrid with non-renewable source charging),","Combustion vehicle (non-plug-in hybrid, electric or plug-in hybrid with non-renewable source charging),","Combustion vehicle (non-plug-in hybrid, electric or plug-in hybrid with non-renewable source charging),",Yes,DATATHON,DATATHON,DATATHON,1,0,0,1,0,0,0,DATATHON,2.0
492,492,1080,Man,Polytechnic School of Engineering of Manresa (EPSEM),First,3,8571.0,Electric vehicle (with Zero label and renewable source charging),Electric vehicle (with Zero label and renewable source charging),Electric vehicle (with Zero label and renewable source charging),Yes,DATATHON,DATATHON,DATATHON,0,1,0,0,1,0,0,DATATHON,2.0
500,500,1098,Man,Higher Technical School of Industrial Engineering of Barcelona (ETSEIB),First,5,8022.0,Combustion or electric motorcycle with non-renewable source charging,DATATHON,DATATHON,Yes,DATATHON,DATATHON,DATATHON,1,0,0,0,0,0,0,DATATHON,2.0
507,507,1109,Man,School of Engineering of Barcelona East (EEBE),Fourth,5,8304.0,Combustion or electric motorcycle with non-renewable source charging,Combustion or electric motorcycle with non-renewable source charging,Combustion or electric motorcycle with non-renewable source charging,Yes,DATATHON,DATATHON,DATATHON,1,0,0,0,0,0,1,DATATHON,2.0
511,511,1119,Man,Barcelona School of Informatics (FIB),First,1,8028.0,Combustion or electric motorcycle with non-renewable source charging,DATATHON,DATATHON,Yes,DATATHON,DATATHON,DATATHON,0,0,0,1,0,0,0,DATATHON,2.0
513,513,1125,Man,Polytechnic School of Engineering of Manresa (EPSEM),First,5,8253.0,"Combustion vehicle (non-plug-in hybrid, electric or plug-in hybrid with non-renewable source charging),","Combustion vehicle (non-plug-in hybrid, electric or plug-in hybrid with non-renewable source charging),","Combustion vehicle (non-plug-in hybrid, electric or plug-in hybrid with non-renewable source charging),",Yes,DATATHON,DATATHON,DATATHON,0,0,1,0,0,0,0,DATATHON,2.0
519,519,1140,Woman,"Higher Technical School of Engineering of Roads, Canals and Ports of Barcelona (ETSECCPB)",Second,2,8042.0,"Combustion vehicle (non-plug-in hybrid, electric or plug-in hybrid with non-renewable source charging),",Underground,Bus,No,"Combustion vehicle (non-plug-in hybrid, electric or plug-in hybrid with non-renewable source charging),",Underground,DATATHON,1,0,0,0,0,0,0,DATATHON,1.4166666666666665
524,524,1151,Woman,School of Architecture of Vall√®s (ETSAV),First,2,8002.0,Underground,Renfe,"Combustion vehicle (non-plug-in hybrid, electric or plug-in hybrid with non-renewable source charging),",Yes,DATATHON,DATATHON,DATATHON,1,0,0,1,0,0,0,DATATHON,1.3333333333333333
526,526,1154,Woman,Higher Technical School of Architecture of Barcelona (ETSAB),Fourth,4,8860.0,Combustion or electric motorcycle with non-renewable source charging,Combustion or electric motorcycle with non-renewable source charging,Combustion or electric motorcycle with non-renewable source charging,Yes,DATATHON,DATATHON,DATATHON,1,1,0,0,0,0,0,DATATHON,2.0
530,530,1160,Woman,"School of Industrial, Aerospace and Audiovisual Engineering of Terrassa (ESEIAAT)",Second,2,8030.0,Combustion or electric motorcycle with non-renewable source charging,On foot,"Combustion vehicle (non-plug-in hybrid, electric or plug-in hybrid with non-renewable source charging),",Yes,DATATHON,DATATHON,DATATHON,1,0,0,0,0,0,0,DATATHON,1.3333333333333333
532,532,1164,Man,Higher Technical School of Industrial Engineering of Barcelona (ETSEIB),Fourth,3,8786.0,Renfe,Underground,Scooter (or other micro-mobility devices) with renewable charging,Yes,DATATHON,DATATHON,DATATHON,1,0,0,1,0,0,0,DATATHON,1.3333333333333333
537,537,1171,Man,School of Engineering of Barcelona East (EEBE),Second,3,8720.0,Bus,Renfe,"Combustion vehicle (non-plug-in hybrid, electric or plug-in hybrid with non-renewable source charging),",No,"Combustion vehicle (non-plug-in hybrid, electric or plug-in hybrid with non-renewable source charging),",Renfe,DATATHON,0,1,0,0,1,0,0,DATATHON,1.4166666666666665
544,544,1188,Woman,School of Engineering of Barcelona East (EEBE),First,3,8016.0,"Combustion vehicle (non-plug-in hybrid, electric or plug-in hybrid with non-renewable source charging),",DATATHON,DATATHON,Yes,DATATHON,DATATHON,DATATHON,0,0,0,0,0,0,1,DATATHON,2.0
553,553,1200,Woman,School of Engineering of Barcelona East (EEBE),Fourth,4,8980.0,"Combustion vehicle (non-plug-in hybrid, electric or plug-in hybrid with non-renewable source charging),","Combustion vehicle (non-plug-in hybrid, electric or plug-in hybrid with non-renewable source charging),","Combustion vehicle (non-plug-in hybrid, electric or plug-in hybrid with non-renewable source charging),",Yes,DATATHON,DATATHON,DATATHON,0,0,0,0,0,0,1,DATATHON,2.0
557,557,1205,Man,School of Telecommunications and Aerospace Engineering of Castelldefels (EETAC),Second,5,8017.0,"Combustion vehicle (non-plug-in hybrid, electric or plug-in hybrid with non-renewable source charging),","Combustion vehicle (non-plug-in hybrid, electric or plug-in hybrid with non-renewable source charging),","Combustion vehicle (non-plug-in hybrid, electric or plug-in hybrid with non-renewable source charging),",Yes,DATATHON,DATATHON,DATATHON,1,0,1,0,0,0,0,DATATHON,2.0
559,559,1210,Man,Higher Technical School of Architecture of Barcelona (ETSAB),Second,5,8860.0,Combustion or electric motorcycle with non-renewable source charging,DATATHON,DATATHON,Yes,DATATHON,DATATHON,DATATHON,1,0,1,0,0,0,0,DATATHON,2.0
568,568,1228,Woman,School of Telecommunications and Aerospace Engineering of Castelldefels (EETAC),Fourth,5,8860.0,"Combustion vehicle (non-plug-in hybrid, electric or plug-in hybrid with non-renewable source charging),","Combustion vehicle (non-plug-in hybrid, electric or plug-in hybrid with non-renewable source charging),","Combustion vehicle (non-plug-in hybrid, electric or plug-in hybrid with non-renewable source charging),",Yes,DATATHON,DATATHON,DATATHON,1,0,1,0,0,0,0,DATATHON,2.0
570,570,1232,Woman,Barcelona School of Informatics (FIB),First,2,8640.0,"Combustion vehicle (non-plug-in hybrid, electric or plug-in hybrid with non-renewable source charging),",FGC,Underground,Yes,DATATHON,DATATHON,DATATHON,0,1,0,0,0,0,0,DATATHON,1.3333333333333333
572,572,1234,Man,School of Agricultural Engineering and Biosystems of Barcelona (EEABB),Third,4,43580.0,Renfe,"Combustion vehicle (non-plug-in hybrid, electric or plug-in hybrid with non-renewable source charging),",Bus,Yes,DATATHON,DATATHON,DATATHON,1,0,0,1,0,0,0,DATATHON,1.3333333333333333
582,582,1255,NR/DK,"Higher Technical School of Engineering of Roads, Canals and Ports of Barcelona (ETSECCPB)",First,5,8459.0,"Combustion vehicle (non-plug-in hybrid, electric or plug-in hybrid with non-renewable source charging),",Renfe,Underground,Yes,DATATHON,DATATHON,DATATHON,0,0,1,0,1,0,0,DATATHON,1.3333333333333333
590,590,1265,Woman,"School of Industrial, Aerospace and Audiovisual Engineering of Terrassa (ESEIAAT)",Second,5,8201.0,"Combustion vehicle (non-plug-in hybrid, electric or plug-in hybrid with non-renewable source charging),",Electric vehicle (with Zero label and renewable source charging),DATATHON,Yes,DATATHON,DATATHON,DATATHON,1,0,0,0,0,0,0,The safest (days when I leave or return at limited hours (morning 7:00/night)),2.0
592,592,1273,Man,"Higher Technical School of Engineering of Roads, Canals and Ports of Barcelona (ETSECCPB)",First,2,8015.0,Combustion or electric motorcycle with non-renewable source charging,Combustion or electric motorcycle with non-renewable source charging,Combustion or electric motorcycle with non-renewable source charging,Yes,DATATHON,DATATHON,DATATHON,1,0,1,0,0,0,0,DATATHON,2.0
597,597,1280,Man,Polytechnic School of Engineering of Vilanova i la Geltr√∫ (EPSEVG),Fourth,4,8830.0,On foot,"Combustion vehicle (non-plug-in hybrid, electric or plug-in hybrid with non-renewable source charging),","Combustion vehicle (non-plug-in hybrid, electric or plug-in hybrid with non-renewable source charging),",Yes,DATATHON,DATATHON,DATATHON,0,0,0,0,0,0,1,"During the pandemic, I always used the car, before I would go by car to the station and then take Renfe",1.3333333333333333
599,599,1282,Woman,Higher Technical School of Industrial Engineering of Barcelona (ETSEIB),Third,5,8021.0,Combustion or electric motorcycle with non-renewable source charging,Combustion or electric motorcycle with non-renewable source charging,Combustion or electric motorcycle with non-renewable source charging,Yes,DATATHON,DATATHON,DATATHON,1,0,1,0,0,0,0,DATATHON,2.0
609,609,1301,Woman,Higher Technical School of Telecommunications Engineering of Barcelona (ETSETB),Fourth,5,8173.0,FGC,FGC,"Combustion vehicle (non-plug-in hybrid, electric or plug-in hybrid with non-renewable source charging),",Yes,DATATHON,DATATHON,DATATHON,0,0,1,0,0,0,0,"I am from Sant Cugat, I work in Lli√ßa de Vall and study in Barcelona and to go to work I can only get there by car. On the other hand, I have 25‚Äô by car to the uni or an hour and a half ü§∑üèΩ‚Äç‚ôÄÔ∏è",1.3333333333333333
614,614,1307,Man,"School of Industrial, Aerospace and Audiovisual Engineering of Terrassa (ESEIAAT)",Second,3,8415.0,"Combustion vehicle (non-plug-in hybrid, electric or plug-in hybrid with non-renewable source charging),","Combustion vehicle (non-plug-in hybrid, electric or plug-in hybrid with non-renewable source charging),","Combustion vehicle (non-plug-in hybrid, electric or plug-in hybrid with non-renewable source charging),",Yes,DATATHON,DATATHON,DATATHON,1,0,1,0,0,0,0,DATATHON,2.0
618,618,1313,Man,School of Engineering of Barcelona East (EEBE),Third,5,8004.0,DATATHON,DATATHON,"Combustion vehicle (non-plug-in hybrid, electric or plug-in hybrid with non-renewable source charging),",Yes,DATATHON,DATATHON,DATATHON,1,0,0,0,0,0,1,DATATHON,2.0
621,621,1318,Man,Higher Technical School of Industrial Engineering of Barcelona (ETSEIB),First,5,8042.0,"Combustion vehicle (non-plug-in hybrid, electric or plug-in hybrid with non-renewable source charging),",DATATHON,DATATHON,Yes,DATATHON,DATATHON,DATATHON,1,0,1,0,0,0,0,DATATHON,2.0
622,622,1319,Man,Higher Technical School of Industrial Engineering of Barcelona (ETSEIB),First,4,8830.0,Combustion or electric motorcycle with non-renewable source charging,Combustion or electric motorcycle with non-renewable source charging,Combustion or electric motorcycle with non-renewable source charging,Yes,DATATHON,DATATHON,DATATHON,1,0,1,0,0,0,0,DATATHON,2.0
633,633,1339,Man,School of Engineering of Barcelona East (EEBE),First,5,8302.0,"Combustion vehicle (non-plug-in hybrid, electric or plug-in hybrid with non-renewable source charging),",Renfe,Tram,Yes,DATATHON,DATATHON,DATATHON,0,0,0,1,0,0,0,DATATHON,1.3333333333333333
642,642,1353,Man,School of Engineering of Barcelona East (EEBE),First,4,8970.0,Scooter (or other micro-mobility devices) with non-renewable charging,Underground,Scooter (or other micro-mobility devices) with non-renewable charging,Yes,DATATHON,DATATHON,DATATHON,1,0,1,0,0,0,0,DATATHON,1.6666666666666667
645,645,1357,Man,Barcelona School of Informatics (FIB),Fourth,5,8960.0,Combustion or electric motorcycle with non-renewable source charging,DATATHON,DATATHON,Yes,DATATHON,DATATHON,DATATHON,1,0,1,0,0,0,0,DATATHON,2.0
655,655,1377,Man,Higher Technical School of Architecture of Barcelona (ETSAB),Fourth,2,8021.0,Combustion or electric motorcycle with non-renewable source charging,DATATHON,DATATHON,Yes,DATATHON,DATATHON,DATATHON,1,0,1,0,0,0,0,DATATHON,2.0
657,657,1384,Man,Polytechnic School of Engineering of Vilanova i la Geltr√∫ (EPSEVG),Fourth,4,8700.0,"Combustion vehicle (non-plug-in hybrid, electric or plug-in hybrid with non-renewable source charging),","Combustion vehicle (non-plug-in hybrid, electric or plug-in hybrid with non-renewable source charging),","Combustion vehicle (non-plug-in hybrid, electric or plug-in hybrid with non-renewable source charging),",Yes,DATATHON,DATATHON,DATATHON,0,0,0,1,0,0,0,DATATHON,2.0
668,668,1400,Woman,School of Architecture of Vall√®s (ETSAV),First,5,8280.0,"Combustion vehicle (non-plug-in hybrid, electric or plug-in hybrid with non-renewable source charging),",Bus,FGC,Yes,DATATHON,DATATHON,DATATHON,1,1,0,0,0,0,0,DATATHON,1.3333333333333333
669,669,1401,Man,School of Agricultural Engineering and Biosystems of Barcelona (EEABB),Third,3,8798.0,Combustion or electric motorcycle with non-renewable source charging,Combustion or electric motorcycle with non-renewable source charging,Combustion or electric motorcycle with non-renewable source charging,Yes,DATATHON,DATATHON,DATATHON,1,0,0,1,0,0,0,DATATHON,2.0
679,679,1416,Man,Higher Technical School of Industrial Engineering of Barcelona (ETSEIB),Fourth,5,8950.0,Combustion or electric motorcycle with non-renewable source charging,DATATHON,DATATHON,Yes,DATATHON,DATATHON,DATATHON,1,0,0,0,0,0,0,DATATHON,2.0
681,681,1421,Man,Barcelona School of Informatics (FIB),Second,5,8290.0,Combustion or electric motorcycle with non-renewable source charging,FGC,Bus,Yes,DATATHON,DATATHON,DATATHON,1,0,1,0,0,0,0,DATATHON,1.3333333333333333
682,682,1422,Man,School of Engineering of Barcelona East (EEBE),First,5,8310.0,Taxi,Renfe,Tram,No,Tram,Renfe,Bus,1,0,1,0,0,0,0,DATATHON,1.1666666666666665
685,685,1428,Woman,School of Agricultural Engineering and Biosystems of Barcelona (EEABB),Fourth,1,8348.0,"Combustion vehicle (non-plug-in hybrid, electric or plug-in hybrid with non-renewable source charging),","Combustion vehicle (non-plug-in hybrid, electric or plug-in hybrid with non-renewable source charging),","Combustion vehicle (non-plug-in hybrid, electric or plug-in hybrid with non-renewable source charging),",Yes,DATATHON,DATATHON,DATATHON,1,0,1,0,0,0,0,DATATHON,2.0
688,688,1432,Man,"School of Industrial, Aerospace and Audiovisual Engineering of Terrassa (ESEIAAT)",Second,2,8191.0,Combustion or electric motorcycle with non-renewable source charging,Combustion or electric motorcycle with non-renewable source charging,Combustion or electric motorcycle with non-renewable source charging,Yes,DATATHON,DATATHON,DATATHON,0,0,1,0,0,0,1,DATATHON,2.0
690,690,1434,Man,Barcelona School of Informatics (FIB),Third,3,8025.0,Combustion or electric motorcycle with non-renewable source charging,DATATHON,DATATHON,Yes,DATATHON,DATATHON,DATATHON,1,0,0,0,0,0,1,DATATHON,2.0
705,705,1454,Woman,School of Architecture of Vall√®s (ETSAV),Fourth,5,8187.0,Combustion or electric motorcycle with non-renewable source charging,DATATHON,DATATHON,Yes,DATATHON,DATATHON,DATATHON,1,0,0,1,0,0,0,DATATHON,2.0
706,706,1455,Woman,School of Architecture of Vall√®s (ETSAV),Fourth,4,DATATHON,Electric vehicle (with Zero label and renewable source charging),Combustion or electric motorcycle with non-renewable source charging,Combustion or electric motorcycle with non-renewable source charging,Yes,DATATHON,DATATHON,DATATHON,1,0,1,0,0,0,0,DATATHON,2.0
710,710,1459,Woman,School of Architecture of Vall√®s (ETSAV),Fourth,4,8173.0,"Combustion vehicle (non-plug-in hybrid, electric or plug-in hybrid with non-renewable source charging),",DATATHON,DATATHON,Yes,DATATHON,DATATHON,DATATHON,1,0,1,0,0,0,0,DATATHON,2.0
717,717,1473,Woman,School of Architecture of Vall√®s (ETSAV),First,3,8301.0,"Combustion vehicle (non-plug-in hybrid, electric or plug-in hybrid with non-renewable source charging),",DATATHON,DATATHON,Yes,DATATHON,DATATHON,DATATHON,1,0,0,1,0,0,0,DATATHON,2.0
720,720,1481,Man,School of Architecture of Vall√®s (ETSAV),Fourth,4,8221.0,Combustion or electric motorcycle with non-renewable source charging,Combustion or electric motorcycle with non-renewable source charging,Combustion or electric motorcycle with non-renewable source charging,Yes,DATATHON,DATATHON,DATATHON,1,0,0,0,0,0,1,DATATHON,2.0
726,726,1497,Woman,Higher Technical School of Industrial Engineering of Barcelona (ETSEIB),First,5,8041.0,Combustion or electric motorcycle with non-renewable source charging,Combustion or electric motorcycle with non-renewable source charging,Combustion or electric motorcycle with non-renewable source charging,Yes,DATATHON,DATATHON,DATATHON,1,0,1,0,0,0,0,DATATHON,2.0
734,734,1513,Woman,Higher Technical School of Telecommunications Engineering of Barcelona (ETSETB),Fourth,5,8914.0,Underground,Underground,Underground,No,"Combustion vehicle (non-plug-in hybrid, electric or plug-in hybrid with non-renewable source charging),",DATATHON,DATATHON,1,0,0,1,0,0,0,DATATHON,1.5
737,737,1525,Man,School of Engineering of Barcelona East (EEBE),Third,4,8014.0,Combustion or electric motorcycle with non-renewable source charging,Combustion or electric motorcycle with non-renewable source charging,Combustion or electric motorcycle with non-renewable source charging,Yes,DATATHON,DATATHON,DATATHON,1,0,0,0,0,0,1,DATATHON,2.0
740,740,1536,Man,School of Telecommunications and Aerospace Engineering of Castelldefels (EETAC),Third,5,8755.0,Combustion or electric motorcycle with non-renewable source charging,DATATHON,DATATHON,Yes,DATATHON,DATATHON,DATATHON,1,0,0,0,0,0,0,The combination of public transport is complicated,2.0
747,747,1558,Man,"School of Industrial, Aerospace and Audiovisual Engineering of Terrassa (ESEIAAT)",Second,4,8020.0,"Combustion vehicle (non-plug-in hybrid, electric or plug-in hybrid with non-renewable source charging),","Combustion vehicle (non-plug-in hybrid, electric or plug-in hybrid with non-renewable source charging),","Combustion vehicle (non-plug-in hybrid, electric or plug-in hybrid with non-renewable source charging),",Yes,DATATHON,DATATHON,DATATHON,1,0,0,0,0,0,0,DATATHON,2.0
750,750,1564,Man,Polytechnic School of Engineering of Vilanova i la Geltr√∫ (EPSEVG),Fourth,3,43881.0,"Combustion vehicle (non-plug-in hybrid, electric or plug-in hybrid with non-renewable source charging),","Combustion vehicle (non-plug-in hybrid, electric or plug-in hybrid with non-renewable source charging),","Combustion vehicle (non-plug-in hybrid, electric or plug-in hybrid with non-renewable source charging),",Yes,DATATHON,DATATHON,DATATHON,1,0,1,0,0,0,0,DATATHON,2.0
756,756,1578,Woman,Higher Technical School of Industrial Engineering of Barcelona (ETSEIB),Fourth,4,8025.0,"Combustion vehicle (non-plug-in hybrid, electric or plug-in hybrid with non-renewable source charging),",Bus,Combustion or electric motorcycle with non-renewable source charging,Yes,DATATHON,DATATHON,DATATHON,1,0,0,0,0,0,0,DATATHON,1.6666666666666667
767,767,1601,Man,"School of Industrial, Aerospace and Audiovisual Engineering of Terrassa (ESEIAAT)",Second,4,8007.0,"Combustion vehicle (non-plug-in hybrid, electric or plug-in hybrid with non-renewable source charging),","Combustion vehicle (non-plug-in hybrid, electric or plug-in hybrid with non-renewable source charging),","Combustion vehicle (non-plug-in hybrid, electric or plug-in hybrid with non-renewable source charging),",No,"Combustion vehicle (non-plug-in hybrid, electric or plug-in hybrid with non-renewable source charging),","Combustion vehicle (non-plug-in hybrid, electric or plug-in hybrid with non-renewable source charging),","Combustion vehicle (non-plug-in hybrid, electric or plug-in hybrid with non-renewable source charging),",1,0,0,0,0,0,1,DATATHON,2.0
768,768,1602,Man,School of Agricultural Engineering and Biosystems of Barcelona (EEABB),First,5,8024.0,Scooter (or other micro-mobility devices) with renewable charging,FGC,DATATHON,Yes,DATATHON,DATATHON,DATATHON,1,1,0,0,0,0,0,DATATHON,1.5
775,775,1621,Man,School of Engineering of Barcelona East (EEBE),Fourth,4,8940.0,Combustion or electric motorcycle with non-renewable source charging,Combustion or electric motorcycle with non-renewable source charging,Combustion or electric motorcycle with non-renewable source charging,Yes,DATATHON,DATATHON,DATATHON,1,0,1,0,0,0,0,DATATHON,2.0
777,777,1629,Man,"School of Industrial, Aerospace and Audiovisual Engineering of Terrassa (ESEIAAT)",Second,5,8224.0,Scooter (or other micro-mobility devices) with renewable charging,"Combustion vehicle (non-plug-in hybrid, electric or plug-in hybrid with non-renewable source charging),",On foot,No,DATATHON,"Combustion vehicle (non-plug-in hybrid, electric or plug-in hybrid with non-renewable source charging),",DATATHON,1,0,0,0,0,0,0,DATATHON,1.6666666666666665
778,778,1635,Man,"School of Industrial, Aerospace and Audiovisual Engineering of Terrassa (ESEIAAT)",First,7,8225.0,"Combustion vehicle (non-plug-in hybrid, electric or plug-in hybrid with non-renewable source charging),",DATATHON,DATATHON,Yes,DATATHON,DATATHON,DATATHON,1,0,1,0,0,0,0,DATATHON,2.0
785,785,1648,Woman,Barcelona School of Informatics (FIB),First,1,17411.0,"Combustion vehicle (non-plug-in hybrid, electric or plug-in hybrid with non-renewable source charging),",DATATHON,DATATHON,Yes,DATATHON,DATATHON,DATATHON,1,0,0,0,0,0,0,DATATHON,2.0
794,794,1664,Woman,School of Engineering of Barcelona East (EEBE),Second,4,8930.0,Bus,"Combustion vehicle (non-plug-in hybrid, electric or plug-in hybrid with non-renewable source charging),",Tram,Yes,DATATHON,DATATHON,DATATHON,1,0,0,0,0,0,0,DATATHON,1.3333333333333333
799,799,1676,Man,Higher Technical School of Telecommunications Engineering of Barcelona (ETSETB),First,5,8840.0,"Combustion vehicle (non-plug-in hybrid, electric or plug-in hybrid with non-renewable source charging),","Combustion vehicle (non-plug-in hybrid, electric or plug-in hybrid with non-renewable source charging),",On foot,Yes,DATATHON,DATATHON,DATATHON,1,0,1,0,0,0,0,DATATHON,1.3333333333333333
800,800,1677,Man,"Higher Technical School of Engineering of Roads, Canals and Ports of Barcelona (ETSECCPB)",Second,5,8902.0,Combustion or electric motorcycle with non-renewable source charging,Combustion or electric motorcycle with non-renewable source charging,Combustion or electric motorcycle with non-renewable source charging,Yes,DATATHON,DATATHON,DATATHON,1,1,0,0,0,0,0,DATATHON,2.0
801,801,1678,Man,Faculty of Mathematics and Statistics (FME),First,5,8860.0,Underground,Renfe,"Combustion vehicle (non-plug-in hybrid, electric or plug-in hybrid with non-renewable source charging),",Yes,DATATHON,DATATHON,DATATHON,1,0,0,0,0,0,0,DATATHON,1.3333333333333333
803,803,1685,Man,Higher Technical School of Industrial Engineering of Barcelona (ETSEIB),Third,5,8029.0,Combustion or electric motorcycle with non-renewable source charging,DATATHON,DATATHON,Yes,DATATHON,DATATHON,DATATHON,1,0,0,0,0,0,1,DATATHON,2.0
815,815,1709,Man,"School of Industrial, Aerospace and Audiovisual Engineering of Terrassa (ESEIAAT)",Third,4,8206.0,"Combustion vehicle (non-plug-in hybrid, electric or plug-in hybrid with non-renewable source charging),","Combustion vehicle (non-plug-in hybrid, electric or plug-in hybrid with non-renewable source charging),","Combustion vehicle (non-plug-in hybrid, electric or plug-in hybrid with non-renewable source charging),",Yes,DATATHON,DATATHON,DATATHON,1,0,0,1,0,0,0,DATATHON,2.0
819,819,1717,Man,Polytechnic School of Engineering of Manresa (EPSEM),First,5,8242.0,"Combustion vehicle (non-plug-in hybrid, electric or plug-in hybrid with non-renewable source charging),","Combustion vehicle (non-plug-in hybrid, electric or plug-in hybrid with non-renewable source charging),",On foot,Yes,DATATHON,DATATHON,DATATHON,1,0,1,0,0,0,0,DATATHON,1.3333333333333333
822,822,1726,Woman,Higher Technical School of Architecture of Barcelona (ETSAB),First,4,8950.0,Scooter (or other micro-mobility devices) with renewable charging,DATATHON,DATATHON,Yes,DATATHON,DATATHON,DATATHON,1,0,0,0,1,0,0,DATATHON,2.0
830,830,1740,Man,Polytechnic School of Engineering of Manresa (EPSEM),Third,5,8786.0,"Combustion vehicle (non-plug-in hybrid, electric or plug-in hybrid with non-renewable source charging),",DATATHON,DATATHON,Yes,DATATHON,DATATHON,DATATHON,1,0,1,0,0,0,0,DATATHON,2.0
837,837,1749,Man,Polytechnic School of Engineering of Vilanova i la Geltr√∫ (EPSEVG),Fourth,2,8720.0,Electric vehicle (with Zero label and renewable source charging),DATATHON,DATATHON,Yes,DATATHON,DATATHON,DATATHON,1,1,0,0,0,0,0,DATATHON,2.0
842,842,1754,Man,School of Engineering of Barcelona East (EEBE),First,5,8348.0,Combustion or electric motorcycle with non-renewable source charging,DATATHON,DATATHON,Yes,DATATHON,DATATHON,DATATHON,1,0,1,0,0,0,0,DATATHON,2.0
848,848,1776,Woman,School of Architecture of Vall√®s (ETSAV),Third,5,8232.0,Combustion or electric motorcycle with non-renewable source charging,Combustion or electric motorcycle with non-renewable source charging,Combustion or electric motorcycle with non-renewable source charging,Yes,DATATHON,DATATHON,DATATHON,1,0,1,0,0,0,0,DATATHON,2.0
862,862,1816,Man,School of Telecommunications and Aerospace Engineering of Castelldefels (EETAC),Second,5,8850.0,"Combustion vehicle (non-plug-in hybrid, electric or plug-in hybrid with non-renewable source charging),","Combustion vehicle (non-plug-in hybrid, electric or plug-in hybrid with non-renewable source charging),","Combustion vehicle (non-plug-in hybrid, electric or plug-in hybrid with non-renewable source charging),",Yes,DATATHON,DATATHON,DATATHON,1,0,1,0,0,0,0,DATATHON,2.0
863,863,1817,Woman,Barcelona School of Informatics (FIB),First,1,8720.0,Combustion or electric motorcycle with non-renewable source charging,DATATHON,DATATHON,Yes,DATATHON,DATATHON,DATATHON,1,1,0,0,0,0,0,DATATHON,2.0
864,864,1818,Man,Higher Technical School of Architecture of Barcelona (ETSAB),Third,5,8970.0,Combustion or electric motorcycle with non-renewable source charging,DATATHON,DATATHON,Yes,DATATHON,DATATHON,DATATHON,1,0,1,0,0,0,0,DATATHON,2.0
865,865,1821,Man,Higher Technical School of Telecommunications Engineering of Barcelona (ETSETB),Second,2,8970.0,Scooter (or other micro-mobility devices) with non-renewable charging,Scooter (or other micro-mobility devices) with non-renewable charging,Scooter (or other micro-mobility devices) with non-renewable charging,Yes,DATATHON,DATATHON,DATATHON,1,1,0,0,0,0,0,DATATHON,2.0
874,874,1839,Man,School of Engineering of Barcelona East (EEBE),Fourth,1,17252.0,"Combustion vehicle (non-plug-in hybrid, electric or plug-in hybrid with non-renewable source charging),",DATATHON,DATATHON,Yes,DATATHON,DATATHON,DATATHON,0,0,0,1,0,0,0,DATATHON,2.0
879,879,1846,Man,Higher Technical School of Telecommunications Engineering of Barcelona (ETSETB),Second,5,8173.0,Combustion or electric motorcycle with non-renewable source charging,DATATHON,DATATHON,Yes,DATATHON,DATATHON,DATATHON,1,0,0,0,0,0,0,DATATHON,2.0
884,884,1854,Man,Barcelona School of Informatics (FIB),Fourth,2,8913.0,Combustion or electric motorcycle with non-renewable source charging,DATATHON,DATATHON,Yes,DATATHON,DATATHON,DATATHON,1,0,1,0,0,0,0,DATATHON,2.0
886,886,1857,Man,"School of Industrial, Aerospace and Audiovisual Engineering of Terrassa (ESEIAAT)",Third,4,8792.0,"Combustion vehicle (non-plug-in hybrid, electric or plug-in hybrid with non-renewable source charging),","Combustion vehicle (non-plug-in hybrid, electric or plug-in hybrid with non-renewable source charging),","Combustion vehicle (non-plug-in hybrid, electric or plug-in hybrid with non-renewable source charging),",Yes,DATATHON,DATATHON,DATATHON,0,0,0,1,0,0,1,DATATHON,2.0
889,889,1862,Woman,School of Architecture of Vall√®s (ETSAV),Fourth,2,8915.0,On foot,Combustion or electric motorcycle with non-renewable source charging,Combustion or electric motorcycle with non-renewable source charging,Yes,DATATHON,DATATHON,DATATHON,0,1,0,0,0,0,0,DATATHON,1.3333333333333333
892,892,1866,Man,Higher Technical School of Industrial Engineering of Barcelona (ETSEIB),Third,1,8980.0,"Combustion vehicle (non-plug-in hybrid, electric or plug-in hybrid with non-renewable source charging),",DATATHON,DATATHON,Yes,DATATHON,DATATHON,DATATHON,1,0,0,0,0,0,0,DATATHON,2.0
895,895,1870,Woman,Faculty of Nautical of Barcelona (FNB),Third,4,8787.0,Combustion or electric motorcycle with non-renewable source charging,Bus,Underground,Yes,DATATHON,DATATHON,DATATHON,0,0,0,1,0,0,0,DATATHON,1.3333333333333333
900,900,1879,Man,"School of Industrial, Aerospace and Audiovisual Engineering of Terrassa (ESEIAAT)",Fourth,3,8530.0,DATATHON,DATATHON,Combustion or electric motorcycle with non-renewable source charging,Yes,DATATHON,DATATHON,DATATHON,0,0,1,0,0,0,1,DATATHON,2.0
908,908,1889,Man,School of Telecommunications and Aerospace Engineering of Castelldefels (EETAC),Fourth,4,8026.0,Combustion or electric motorcycle with non-renewable source charging,DATATHON,DATATHON,Yes,DATATHON,DATATHON,DATATHON,1,0,1,0,0,0,0,DATATHON,2.0
913,913,1896,Man,School of Engineering of Barcelona East (EEBE),Fourth,4,8025.0,"Combustion vehicle (non-plug-in hybrid, electric or plug-in hybrid with non-renewable source charging),","Combustion vehicle (non-plug-in hybrid, electric or plug-in hybrid with non-renewable source charging),",On foot,Yes,DATATHON,DATATHON,DATATHON,1,0,0,0,0,0,1,DATATHON,1.3333333333333333
920,920,1910,Man,Polytechnic School of Engineering of Manresa (EPSEM),Third,5,8203.0,"Combustion vehicle (non-plug-in hybrid, electric or plug-in hybrid with non-renewable source charging),","Combustion vehicle (non-plug-in hybrid, electric or plug-in hybrid with non-renewable source charging),","Combustion vehicle (non-plug-in hybrid, electric or plug-in hybrid with non-renewable source charging),",Yes,DATATHON,DATATHON,DATATHON,1,0,1,0,0,0,0,DATATHON,2.0
922,922,1914,Man,School of Engineering of Barcelona East (EEBE),Fourth,5,8304.0,"Combustion vehicle (non-plug-in hybrid, electric or plug-in hybrid with non-renewable source charging),","Combustion vehicle (non-plug-in hybrid, electric or plug-in hybrid with non-renewable source charging),","Combustion vehicle (non-plug-in hybrid, electric or plug-in hybrid with non-renewable source charging),",Yes,DATATHON,DATATHON,DATATHON,1,0,1,0,0,0,0,DATATHON,2.0
929,929,1926,Man,Barcelona School of Informatics (FIB),Fourth,1,8024.0,Combustion or electric motorcycle with non-renewable source charging,DATATHON,DATATHON,Yes,DATATHON,DATATHON,DATATHON,1,0,1,0,0,0,0,DATATHON,2.0
938,938,1944,Man,Polytechnic School of Engineering of Manresa (EPSEM),First,5,8700.0,Combustion or electric motorcycle with non-renewable source charging,DATATHON,DATATHON,Yes,DATATHON,DATATHON,DATATHON,1,0,1,0,0,0,0,DATATHON,2.0
941,941,1948,Man,"School of Industrial, Aerospace and Audiovisual Engineering of Terrassa (ESEIAAT)",Second,5,8180.0,"Combustion vehicle (non-plug-in hybrid, electric or plug-in hybrid with non-renewable source charging),",DATATHON,DATATHON,Yes,DATATHON,DATATHON,DATATHON,0,0,0,1,0,0,0,DATATHON,2.0
942,942,1949,Man,School of Agricultural Engineering and Biosystems of Barcelona (EEABB),First,5,8830.0,Combustion or electric motorcycle with non-renewable source charging,Combustion or electric motorcycle with non-renewable source charging,DATATHON,Yes,DATATHON,DATATHON,DATATHON,1,0,0,0,0,0,0,DATATHON,2.0
943,943,1950,Woman,School of Architecture of Vall√®s (ETSAV),Fourth,7,8172.0,Scooter (or other micro-mobility devices) with renewable charging,DATATHON,DATATHON,Yes,DATATHON,DATATHON,DATATHON,1,0,0,0,0,0,0,DATATHON,2.0
945,945,1953,Woman,School of Engineering of Barcelona East (EEBE),Fourth,4,8918.0,"Combustion vehicle (non-plug-in hybrid, electric or plug-in hybrid with non-renewable source charging),",DATATHON,DATATHON,Yes,DATATHON,DATATHON,DATATHON,1,0,1,0,0,0,0,DATATHON,2.0
948,948,1956,Man,School of Engineering of Barcelona East (EEBE),Third,5,8026.0,Combustion or electric motorcycle with non-renewable source charging,DATATHON,DATATHON,Yes,DATATHON,DATATHON,DATATHON,1,0,0,0,0,0,1,DATATHON,2.0
954,954,1968,Man,"School of Industrial, Aerospace and Audiovisual Engineering of Terrassa (ESEIAAT)",First,5,8191.0,"Combustion vehicle (non-plug-in hybrid, electric or plug-in hybrid with non-renewable source charging),","Combustion vehicle (non-plug-in hybrid, electric or plug-in hybrid with non-renewable source charging),","Combustion vehicle (non-plug-in hybrid, electric or plug-in hybrid with non-renewable source charging),",Yes,DATATHON,DATATHON,DATATHON,1,0,0,1,0,0,0,DATATHON,2.0
959,959,1974,Man,Faculty of Nautical of Barcelona (FNB),Fourth,3,8028.0,Combustion or electric motorcycle with non-renewable source charging,Combustion or electric motorcycle with non-renewable source charging,Combustion or electric motorcycle with non-renewable source charging,Yes,DATATHON,DATATHON,DATATHON,1,0,1,0,0,0,0,DATATHON,2.0
960,960,1975,Woman,School of Telecommunications and Aerospace Engineering of Castelldefels (EETAC),Third,1,12600.0,"Combustion vehicle (non-plug-in hybrid, electric or plug-in hybrid with non-renewable source charging),",Renfe,Renfe,Yes,DATATHON,DATATHON,DATATHON,1,0,1,0,0,0,0,DATATHON,1.3333333333333333
973,973,2000,Man,School of Engineering of Barcelona East (EEBE),Fourth,2,8320.0,Scooter (or other micro-mobility devices) with non-renewable charging,Renfe,Scooter (or other micro-mobility devices) with non-renewable charging,Yes,DATATHON,DATATHON,DATATHON,1,1,0,0,0,0,0,DATATHON,1.6666666666666667
974,974,2001,Man,Higher Technical School of Telecommunications Engineering of Barcelona (ETSETB),First,2,DATATHON,Electric vehicle (with Zero label and renewable source charging),DATATHON,DATATHON,Yes,DATATHON,DATATHON,DATATHON,1,0,0,0,0,0,0,DATATHON,2.0
978,978,2013,Man,"School of Industrial, Aerospace and Audiovisual Engineering of Terrassa (ESEIAAT)",First,5,8105.0,"Combustion vehicle (non-plug-in hybrid, electric or plug-in hybrid with non-renewable source charging),",FGC,On foot,No,FGC,Renfe,"Combustion vehicle (non-plug-in hybrid, electric or plug-in hybrid with non-renewable source charging),",0,0,0,1,0,0,0,DATATHON,1.1666666666666665
979,979,2014,Man,Higher Technical School of Industrial Engineering of Barcelona (ETSEIB),Second,5,8310.0,"Combustion vehicle (non-plug-in hybrid, electric or plug-in hybrid with non-renewable source charging),",Renfe,Underground,Yes,DATATHON,DATATHON,DATATHON,0,0,0,1,0,0,0,"There are not enough parking spaces in the university area. If it was easier to park I would come more often by car, since the combinations in public transport that I have are hellish",1.3333333333333333
983,983,2019,Man,School of Telecommunications and Aerospace Engineering of Castelldefels (EETAC),First,1,8820.0,Electric vehicle (with Zero label and renewable source charging),DATATHON,DATATHON,Yes,DATATHON,DATATHON,DATATHON,1,0,1,0,0,0,0,DATATHON,2.0
984,984,2021,Woman,Polytechnic School of Engineering of Vilanova i la Geltr√∫ (EPSEVG),Second,5,8870.0,Combustion or electric motorcycle with non-renewable source charging,Renfe,DATATHON,Yes,DATATHON,DATATHON,DATATHON,1,0,1,0,0,0,0,DATATHON,1.5
986,986,2024,Man,Higher Technical School of Industrial Engineering of Barcelona (ETSEIB),First,5,8006.0,Combustion or electric motorcycle with non-renewable source charging,DATATHON,DATATHON,No,Combustion or electric motorcycle with non-renewable source charging,DATATHON,DATATHON,1,0,1,0,0,0,0,DATATHON,2.0
995,995,2044,Man,Barcelona School of Informatics (FIB),First,2,17520.0,"Combustion vehicle (non-plug-in hybrid, electric or plug-in hybrid with non-renewable source charging),",DATATHON,DATATHON,Yes,DATATHON,DATATHON,DATATHON,1,0,0,0,0,0,1,DATATHON,2.0
996,996,2047,Woman,Higher Technical School of Industrial Engineering of Barcelona (ETSEIB),Fourth,2,8420.0,"Combustion vehicle (non-plug-in hybrid, electric or plug-in hybrid with non-renewable source charging),",Renfe,Underground,Yes,DATATHON,DATATHON,DATATHON,0,1,0,0,0,0,0,DATATHON,1.3333333333333333
1002,1002,2057,Man,Barcelona School of Informatics (FIB),Third,3,8755.0,Bus,"Combustion vehicle (non-plug-in hybrid, electric or plug-in hybrid with non-renewable source charging),",DATATHON,Yes,DATATHON,DATATHON,DATATHON,1,0,0,1,0,0,0,DATATHON,1.5
1003,1003,2058,Man,School of Engineering of Barcelona East (EEBE),Third,5,8001.0,"Combustion vehicle (non-plug-in hybrid, electric or plug-in hybrid with non-renewable source charging),",DATATHON,DATATHON,Yes,DATATHON,DATATHON,DATATHON,1,0,1,0,0,0,0,DATATHON,2.0
1017,1017,2080,Man,School of Engineering of Barcelona East (EEBE),First,3,8207.0,"Combustion vehicle (non-plug-in hybrid, electric or plug-in hybrid with non-renewable source charging),","Combustion vehicle (non-plug-in hybrid, electric or plug-in hybrid with non-renewable source charging),","Combustion vehicle (non-plug-in hybrid, electric or plug-in hybrid with non-renewable source charging),",Yes,DATATHON,DATATHON,DATATHON,0,0,0,1,0,0,1,DATATHON,2.0
1021,1021,2085,Woman,"School of Industrial, Aerospace and Audiovisual Engineering of Terrassa (ESEIAAT)",First,5,8210.0,Electric vehicle (with Zero label and renewable source charging),Electric vehicle (with Zero label and renewable source charging),Electric vehicle (with Zero label and renewable source charging),Yes,DATATHON,DATATHON,DATATHON,1,0,0,0,0,0,1,DATATHON,2.0
1023,1023,2089,Man,School of Engineering of Barcelona East (EEBE),Fourth,5,8006.0,"Combustion vehicle (non-plug-in hybrid, electric or plug-in hybrid with non-renewable source charging),",DATATHON,DATATHON,Yes,DATATHON,DATATHON,DATATHON,1,0,0,0,0,0,0,DATATHON,2.0
1025,1025,2093,Woman,School of Architecture of Vall√®s (ETSAV),Fourth,4,8100.0,"Combustion vehicle (non-plug-in hybrid, electric or plug-in hybrid with non-renewable source charging),",Renfe,"Combustion vehicle (non-plug-in hybrid, electric or plug-in hybrid with non-renewable source charging),",Yes,DATATHON,DATATHON,DATATHON,0,0,0,1,0,0,0,DATATHON,1.6666666666666667
1034,1034,2115,Woman,Faculty of Optics and Optometry of Terrassa (FOOT),Third,5,8260.0,"Combustion vehicle (non-plug-in hybrid, electric or plug-in hybrid with non-renewable source charging),",DATATHON,DATATHON,Yes,DATATHON,DATATHON,DATATHON,1,0,1,0,0,0,0,DATATHON,2.0
1036,1036,2120,Man,Barcelona School of Informatics (FIB),First,2,8211.0,"Combustion vehicle (non-plug-in hybrid, electric or plug-in hybrid with non-renewable source charging),","Combustion vehicle (non-plug-in hybrid, electric or plug-in hybrid with non-renewable source charging),","Combustion vehicle (non-plug-in hybrid, electric or plug-in hybrid with non-renewable source charging),",Yes,DATATHON,DATATHON,DATATHON,1,0,1,0,0,0,0,DATATHON,2.0
1047,1047,2141,Man,"School of Industrial, Aerospace and Audiovisual Engineering of Terrassa (ESEIAAT)",Second,2,8320.0,"Combustion vehicle (non-plug-in hybrid, electric or plug-in hybrid with non-renewable source charging),",DATATHON,DATATHON,Yes,DATATHON,DATATHON,DATATHON,1,0,0,0,0,0,1,DATATHON,2.0
1048,1048,2143,Man,"School of Industrial, Aerospace and Audiovisual Engineering of Terrassa (ESEIAAT)",First,4,8795.0,"Combustion vehicle (non-plug-in hybrid, electric or plug-in hybrid with non-renewable source charging),",DATATHON,DATATHON,Yes,DATATHON,DATATHON,DATATHON,0,0,1,1,0,0,0,DATATHON,2.0
1050,1050,2148,Woman,School of Engineering of Barcelona East (EEBE),First,5,8330.0,Combustion or electric motorcycle with non-renewable source charging,DATATHON,DATATHON,Yes,DATATHON,DATATHON,DATATHON,0,0,1,0,0,0,0,DATATHON,2.0
1051,1051,2150,Man,Higher Technical School of Industrial Engineering of Barcelona (ETSEIB),Fourth,5,8015.0,Combustion or electric motorcycle with non-renewable source charging,DATATHON,DATATHON,Yes,DATATHON,DATATHON,DATATHON,1,0,1,0,0,0,0,DATATHON,2.0
1054,1054,2154,Man,School of Architecture of Vall√®s (ETSAV),Second,2,8192.0,Combustion or electric motorcycle with non-renewable source charging,Combustion or electric motorcycle with non-renewable source charging,Combustion or electric motorcycle with non-renewable source charging,Yes,DATATHON,DATATHON,DATATHON,1,0,1,0,0,0,0,DATATHON,2.0
1062,1062,2170,Man,"School of Industrial, Aerospace and Audiovisual Engineering of Terrassa (ESEIAAT)",First,5,8415.0,"Combustion vehicle (non-plug-in hybrid, electric or plug-in hybrid with non-renewable source charging),",DATATHON,DATATHON,Yes,DATATHON,DATATHON,DATATHON,1,0,1,0,0,0,0,DATATHON,2.0
1064,1064,2173,Man,Polytechnic School of Engineering of Manresa (EPSEM),Fourth,5,25280.0,"Combustion vehicle (non-plug-in hybrid, electric or plug-in hybrid with non-renewable source charging),",DATATHON,DATATHON,Yes,DATATHON,DATATHON,DATATHON,0,0,0,1,0,0,1,DATATHON,2.0
1065,1065,2174,Man,Polytechnic School of Engineering of Manresa (EPSEM),Fourth,5,8589.0,"Combustion vehicle (non-plug-in hybrid, electric or plug-in hybrid with non-renewable source charging),","Combustion vehicle (non-plug-in hybrid, electric or plug-in hybrid with non-renewable source charging),","Combustion vehicle (non-plug-in hybrid, electric or plug-in hybrid with non-renewable source charging),",Yes,DATATHON,DATATHON,DATATHON,0,0,0,1,0,0,0,DATATHON,2.0
1066,1066,2176,Man,Higher Technical School of Telecommunications Engineering of Barcelona (ETSETB),Second,5,8490.0,"Combustion vehicle (non-plug-in hybrid, electric or plug-in hybrid with non-renewable source charging),",DATATHON,DATATHON,Yes,DATATHON,DATATHON,DATATHON,1,0,1,0,0,0,0,DATATHON,2.0
1069,1069,2185,Woman,School of Telecommunications and Aerospace Engineering of Castelldefels (EETAC),Second,5,8850.0,"Combustion vehicle (non-plug-in hybrid, electric or plug-in hybrid with non-renewable source charging),",DATATHON,DATATHON,Yes,DATATHON,DATATHON,DATATHON,1,0,1,0,0,0,0,DATATHON,2.0
1072,1072,2188,Man,"School of Industrial, Aerospace and Audiovisual Engineering of Terrassa (ESEIAAT)",First,5,8760.0,"Combustion vehicle (non-plug-in hybrid, electric or plug-in hybrid with non-renewable source charging),",DATATHON,DATATHON,Yes,DATATHON,DATATHON,DATATHON,1,0,0,0,0,0,0,"Coming by public transport takes me about 2 hours by train when by car I am in 20 min or 30,",2.0
1076,1076,2197,Man,Barcelona School of Informatics (FIB),Fourth,2,8800.0,Scooter (or other micro-mobility devices) with renewable charging,Renfe,Scooter (or other micro-mobility devices) with renewable charging,Yes,DATATHON,DATATHON,DATATHON,0,0,0,1,0,0,0,DATATHON,1.6666666666666667
1085,1085,2216,Woman,Polytechnic University School of Building of Barcelona (EPSEB),Third,4,8014.0,Bus,"Combustion vehicle (non-plug-in hybrid, electric or plug-in hybrid with non-renewable source charging),","Combustion vehicle (non-plug-in hybrid, electric or plug-in hybrid with non-renewable source charging),",Yes,DATATHON,DATATHON,DATATHON,0,1,0,0,1,0,0,DATATHON,1.6666666666666667
1087,1087,2219,Man,Barcelona School of Informatics (FIB),First,1,8205.0,"Combustion vehicle (non-plug-in hybrid, electric or plug-in hybrid with non-renewable source charging),",DATATHON,DATATHON,Yes,DATATHON,DATATHON,DATATHON,0,0,0,0,0,0,1,DATATHON,2.0
1089,1089,2222,Man,"School of Industrial, Aerospace and Audiovisual Engineering of Terrassa (ESEIAAT)",Third,5,8330.0,"Combustion vehicle (non-plug-in hybrid, electric or plug-in hybrid with non-renewable source charging),","Combustion vehicle (non-plug-in hybrid, electric or plug-in hybrid with non-renewable source charging),","Combustion vehicle (non-plug-in hybrid, electric or plug-in hybrid with non-renewable source charging),",Yes,DATATHON,DATATHON,DATATHON,1,0,0,0,0,0,0,DATATHON,2.0
1094,1094,2235,Man,"Higher Technical School of Engineering of Roads, Canals and Ports of Barcelona (ETSECCPB)",Fourth,5,8950.0,Combustion or electric motorcycle with non-renewable source charging,Combustion or electric motorcycle with non-renewable source charging,Combustion or electric motorcycle with non-renewable source charging,Yes,DATATHON,DATATHON,DATATHON,1,1,0,0,0,0,0,DATATHON,2.0
1097,1097,2239,Woman,Higher Technical School of Industrial Engineering of Barcelona (ETSEIB),First,5,DATATHON,Electric motorcycle,Electric motorcycle,Electric motorcycle,Yes,DATATHON,DATATHON,DATATHON,1,0,1,0,0,0,0,DATATHON,2.0
1107,1107,2263,Man,"Higher Technical School of Engineering of Roads, Canals and Ports of Barcelona (ETSECCPB)",Fourth,5,8360.0,Electric vehicle (with Zero label and renewable source charging),Renfe,Underground,Yes,DATATHON,DATATHON,DATATHON,1,0,0,0,0,0,0,DATATHON,1.3333333333333333
1110,1110,2267,Woman,Polytechnic School of Engineering of Manresa (EPSEM),Second,5,8251.0,"Combustion vehicle (non-plug-in hybrid, electric or plug-in hybrid with non-renewable source charging),","Combustion vehicle (non-plug-in hybrid, electric or plug-in hybrid with non-renewable source charging),","Combustion vehicle (non-plug-in hybrid, electric or plug-in hybrid with non-renewable source charging),",Yes,DATATHON,DATATHON,DATATHON,1,0,1,0,0,0,0,DATATHON,2.0
1118,1118,2285,Man,Polytechnic School of Engineering of Manresa (EPSEM),Third,5,25001.0,"Combustion vehicle (non-plug-in hybrid, electric or plug-in hybrid with non-renewable source charging),",DATATHON,DATATHON,Yes,DATATHON,DATATHON,DATATHON,1,0,0,0,0,0,1,DATATHON,2.0
1122,1122,2291,Woman,"School of Industrial, Aerospace and Audiovisual Engineering of Terrassa (ESEIAAT)",Third,5,8691.0,Combustion or electric motorcycle with non-renewable source charging,Renfe,FGC,Yes,DATATHON,DATATHON,DATATHON,0,0,0,1,0,0,0,Poor communication from Terrassa with the town where I live,1.3333333333333333
1124,1124,2294,Woman,Polytechnic University School of Building of Barcelona (EPSEB),Fourth,1,8304.0,"Combustion vehicle (non-plug-in hybrid, electric or plug-in hybrid with non-renewable source charging),",DATATHON,DATATHON,Yes,DATATHON,DATATHON,DATATHON,1,0,1,0,0,0,0,DATATHON,2.0
1139,1139,2331,Man,Barcelona School of Informatics (FIB),Fourth,1,8025.0,Scooter (or other micro-mobility devices) with non-renewable charging,Underground,Scooter (or other micro-mobility devices) with non-renewable charging,Yes,DATATHON,DATATHON,DATATHON,1,0,1,0,0,0,0,DATATHON,1.6666666666666667
1144,1144,2344,Man,Barcelona School of Informatics (FIB),Third,4,8023.0,Underground,"Combustion vehicle (non-plug-in hybrid, electric or plug-in hybrid with non-renewable source charging),","Combustion vehicle (non-plug-in hybrid, electric or plug-in hybrid with non-renewable source charging),",No,"Combustion vehicle (non-plug-in hybrid, electric or plug-in hybrid with non-renewable source charging),",On foot,On foot,1,1,0,0,0,0,0,DATATHON,1.1666666666666667
1145,1145,2345,Man,"School of Industrial, Aerospace and Audiovisual Engineering of Terrassa (ESEIAAT)",First,4,8025.0,"Combustion vehicle (non-plug-in hybrid, electric or plug-in hybrid with non-renewable source charging),","Combustion vehicle (non-plug-in hybrid, electric or plug-in hybrid with non-renewable source charging),","Combustion vehicle (non-plug-in hybrid, electric or plug-in hybrid with non-renewable source charging),",Yes,DATATHON,DATATHON,DATATHON,1,0,0,0,0,0,0,DATATHON,2.0
1149,1149,2353,Woman,School of Engineering of Barcelona East (EEBE),Third,4,8911.0,Combustion or electric motorcycle with non-renewable source charging,Combustion or electric motorcycle with non-renewable source charging,Combustion or electric motorcycle with non-renewable source charging,Yes,DATATHON,DATATHON,DATATHON,1,0,0,0,0,0,1,DATATHON,2.0
1153,1153,2359,Man,Higher Technical School of Industrial Engineering of Barcelona (ETSEIB),Fourth,3,43005.0,Combustion or electric motorcycle with non-renewable source charging,Renfe,"Combustion vehicle (non-plug-in hybrid, electric or plug-in hybrid with non-renewable source charging),",Yes,DATATHON,DATATHON,DATATHON,0,1,0,1,0,0,0,DATATHON,1.6666666666666667
1154,1154,2370,Man,School of Engineering of Barcelona East (EEBE),Fourth,4,8021.0,Combustion or electric motorcycle with non-renewable source charging,Combustion or electric motorcycle with non-renewable source charging,Combustion or electric motorcycle with non-renewable source charging,Yes,DATATHON,DATATHON,DATATHON,1,0,1,0,0,0,0,DATATHON,2.0
1167,1167,2399,Man,"School of Industrial, Aerospace and Audiovisual Engineering of Terrassa (ESEIAAT)",Second,3,8757.0,"Combustion vehicle (non-plug-in hybrid, electric or plug-in hybrid with non-renewable source charging),","Combustion vehicle (non-plug-in hybrid, electric or plug-in hybrid with non-renewable source charging),","Combustion vehicle (non-plug-in hybrid, electric or plug-in hybrid with non-renewable source charging),",Yes,DATATHON,DATATHON,DATATHON,1,0,1,0,0,0,0,DATATHON,2.0
1168,1168,2406,Woman,Polytechnic School of Engineering of Vilanova i la Geltr√∫ (EPSEVG),Fourth,2,17458.0,Combustion or electric motorcycle with non-renewable source charging,DATATHON,DATATHON,Yes,DATATHON,DATATHON,DATATHON,1,0,1,0,0,0,0,DATATHON,2.0
1171,1171,2416,Man,Higher Technical School of Industrial Engineering of Barcelona (ETSEIB),Third,3,8015.0,Combustion or electric motorcycle with non-renewable source charging,Combustion or electric motorcycle with non-renewable source charging,Combustion or electric motorcycle with non-renewable source charging,Yes,DATATHON,DATATHON,DATATHON,1,0,0,0,0,0,0,DATATHON,2.0
1172,1172,2419,Man,Polytechnic School of Engineering of Vilanova i la Geltr√∫ (EPSEVG),Fourth,5,8770.0,Combustion or electric motorcycle with non-renewable source charging,DATATHON,DATATHON,Yes,DATATHON,DATATHON,DATATHON,0,0,0,1,0,0,0,DATATHON,2.0
1176,1176,2425,Man,School of Engineering of Barcelona East (EEBE),Fourth,5,8031.0,Combustion or electric motorcycle with non-renewable source charging,DATATHON,DATATHON,No,Combustion or electric motorcycle with non-renewable source charging,DATATHON,DATATHON,1,0,0,0,0,0,1,DATATHON,2.0
1177,1177,2434,Man,Polytechnic University School of Building of Barcelona (EPSEB),Fourth,5,8014.0,Combustion or electric motorcycle with non-renewable source charging,DATATHON,DATATHON,Yes,DATATHON,DATATHON,DATATHON,1,0,0,0,0,0,0,DATATHON,2.0
1182,1182,2453,Man,School of Engineering of Barcelona East (EEBE),First,3,8820.0,Combustion or electric motorcycle with non-renewable source charging,DATATHON,DATATHON,Yes,DATATHON,DATATHON,DATATHON,1,0,0,0,0,0,1,DATATHON,2.0
1184,1184,2456,Man,Polytechnic School of Engineering of Manresa (EPSEM),Fourth,3,8250.0,Combustion or electric motorcycle with non-renewable source charging,DATATHON,DATATHON,Yes,DATATHON,DATATHON,DATATHON,1,0,1,0,0,0,0,DATATHON,2.0
1185,1185,2460,Man,Polytechnic School of Engineering of Vilanova i la Geltr√∫ (EPSEVG),Fourth,3,8784.0,DATATHON,DATATHON,Combustion or electric motorcycle with non-renewable source charging,Yes,DATATHON,DATATHON,DATATHON,1,1,0,0,0,0,0,DATATHON,2.0
1189,1189,2468,Woman,School of Architecture of Vall√®s (ETSAV),Fourth,4,8225.0,Scooter (or other micro-mobility devices) with non-renewable charging,"Combustion vehicle (non-plug-in hybrid, electric or plug-in hybrid with non-renewable source charging),",FGC,Yes,DATATHON,DATATHON,DATATHON,0,1,0,0,0,0,0,DATATHON,1.6666666666666667
1196,1196,2478,Woman,Barcelona School of Informatics (FIB),Second,3,8036.0,Scooter (or other micro-mobility devices) with renewable charging,Scooter (or other micro-mobility devices) with renewable charging,Scooter (or other micro-mobility devices) with renewable charging,Yes,DATATHON,DATATHON,DATATHON,1,1,0,0,0,0,0,DATATHON,2.0
1200,1200,2485,Woman,"School of Industrial, Aerospace and Audiovisual Engineering of Terrassa (ESEIAAT)",First,2,8700.0,"Combustion vehicle (non-plug-in hybrid, electric or plug-in hybrid with non-renewable source charging),","Combustion vehicle (non-plug-in hybrid, electric or plug-in hybrid with non-renewable source charging),",DATATHON,Yes,DATATHON,DATATHON,DATATHON,1,0,0,1,0,0,0,DATATHON,2.0
1206,1206,2496,NR/DK,Higher Technical School of Architecture of Barcelona (ETSAB),Fourth,4,8028.0,Combustion or electric motorcycle with non-renewable source charging,DATATHON,DATATHON,No,Combustion or electric motorcycle with non-renewable source charging,DATATHON,DATATHON,0,1,1,0,0,0,0,DATATHON,2.0
1212,1212,2508,Man,Faculty of Nautical of Barcelona (FNB),First,5,8011.0,Scooter (or other micro-mobility devices) with renewable charging,DATATHON,DATATHON,Yes,DATATHON,DATATHON,DATATHON,1,1,0,0,0,0,0,DATATHON,2.0
1217,1217,2514,Man,Polytechnic University School of Building of Barcelona (EPSEB),Fourth,1,17217.0,"Combustion vehicle (non-plug-in hybrid, electric or plug-in hybrid with non-renewable source charging),","Combustion vehicle (non-plug-in hybrid, electric or plug-in hybrid with non-renewable source charging),","Combustion vehicle (non-plug-in hybrid, electric or plug-in hybrid with non-renewable source charging),",Yes,DATATHON,DATATHON,DATATHON,0,0,0,0,0,0,1,DATATHON,2.0
1229,1229,2547,Man,Higher Technical School of Architecture of Barcelona (ETSAB),Fourth,5,8629.0,Electric vehicle (with Zero label and renewable source charging),Electric vehicle (with Zero label and renewable source charging),Electric vehicle (with Zero label and renewable source charging),Yes,DATATHON,DATATHON,DATATHON,0,0,0,0,0,0,1,DATATHON,2.0
1233,1233,2559,Man,"School of Industrial, Aerospace and Audiovisual Engineering of Terrassa (ESEIAAT)",Fourth,4,17003.0,"Combustion vehicle (non-plug-in hybrid, electric or plug-in hybrid with non-renewable source charging),",DATATHON,DATATHON,Yes,DATATHON,DATATHON,DATATHON,1,0,0,0,0,0,1,DATATHON,2.0
1238,1238,2573,Man,"School of Industrial, Aerospace and Audiovisual Engineering of Terrassa (ESEIAAT)",First,4,8403.0,"Combustion vehicle (non-plug-in hybrid, electric or plug-in hybrid with non-renewable source charging),",DATATHON,DATATHON,Yes,DATATHON,DATATHON,DATATHON,1,0,1,0,0,0,0,DATATHON,2.0
1239,1239,2578,Woman,Polytechnic University School of Building of Barcelona (EPSEB),Fourth,3,8912.0,"Combustion vehicle (non-plug-in hybrid, electric or plug-in hybrid with non-renewable source charging),",DATATHON,DATATHON,Yes,DATATHON,DATATHON,DATATHON,1,0,0,0,0,0,1,DATATHON,2.0
1249,1249,2599,Man,School of Engineering of Barcelona East (EEBE),Second,5,8770.0,"Combustion vehicle (non-plug-in hybrid, electric or plug-in hybrid with non-renewable source charging),",Renfe,Tram,Yes,DATATHON,DATATHON,DATATHON,0,1,0,0,1,0,0,DATATHON,1.3333333333333333
1252,1252,2607,Man,Polytechnic School of Engineering of Manresa (EPSEM),First,5,43005.0,"Combustion vehicle (non-plug-in hybrid, electric or plug-in hybrid with non-renewable source charging),",DATATHON,DATATHON,Yes,DATATHON,DATATHON,DATATHON,0,0,0,1,0,0,0,DATATHON,2.0
1256,1256,2612,Woman,School of Engineering of Barcelona East (EEBE),First,5,8904.0,DATATHON,DATATHON,Scooter (or other micro-mobility devices) with renewable charging,Yes,DATATHON,DATATHON,DATATHON,0,0,0,0,1,0,0,DATATHON,2.0
1266,1266,2634,Man,"School of Industrial, Aerospace and Audiovisual Engineering of Terrassa (ESEIAAT)",Fourth,4,8172.0,Combustion or electric motorcycle with non-renewable source charging,DATATHON,DATATHON,Yes,DATATHON,DATATHON,DATATHON,1,0,0,0,0,0,1,DATATHON,2.0
1269,1269,2639,Man,"School of Industrial, Aerospace and Audiovisual Engineering of Terrassa (ESEIAAT)",Fourth,5,8105.0,"Combustion vehicle (non-plug-in hybrid, electric or plug-in hybrid with non-renewable source charging),","Combustion vehicle (non-plug-in hybrid, electric or plug-in hybrid with non-renewable source charging),","Combustion vehicle (non-plug-in hybrid, electric or plug-in hybrid with non-renewable source charging),",Yes,DATATHON,DATATHON,DATATHON,1,1,0,0,0,0,0,DATATHON,2.0
1271,1271,2641,Woman,School of Agricultural Engineering and Biosystems of Barcelona (EEABB),Second,3,8980.0,"Combustion vehicle (non-plug-in hybrid, electric or plug-in hybrid with non-renewable source charging),","Combustion vehicle (non-plug-in hybrid, electric or plug-in hybrid with non-renewable source charging),","Combustion vehicle (non-plug-in hybrid, electric or plug-in hybrid with non-renewable source charging),",Yes,DATATHON,DATATHON,DATATHON,1,0,0,0,0,0,0,"If there was the possibility of attending virtual theory classes, I could make the trip some days. There are days when I go for 1 hour, with what that entails both economically and environmentally. I do not have the possibility of making the trips by public transport because it takes much longer and I do not arrive at work",2.0
1273,1273,2643,Woman,Higher Technical School of Architecture of Barcelona (ETSAB),First,3,8329.0,"Combustion vehicle (non-plug-in hybrid, electric or plug-in hybrid with non-renewable source charging),",Renfe,Underground,Yes,DATATHON,DATATHON,DATATHON,0,1,0,1,0,0,0,DATATHON,1.3333333333333333
1275,1275,2649,Man,Higher Technical School of Industrial Engineering of Barcelona (ETSEIB),First,5,8870.0,Combustion or electric motorcycle with non-renewable source charging,Renfe,Underground,Yes,DATATHON,DATATHON,DATATHON,1,0,1,0,0,0,0,DATATHON,1.3333333333333333
1285,1285,2671,Man,"School of Industrial, Aerospace and Audiovisual Engineering of Terrassa (ESEIAAT)",Third,5,8206.0,"Combustion vehicle (non-plug-in hybrid, electric or plug-in hybrid with non-renewable source charging),",DATATHON,DATATHON,No,"Combustion vehicle (non-plug-in hybrid, electric or plug-in hybrid with non-renewable source charging),","Combustion vehicle (non-plug-in hybrid, electric or plug-in hybrid with non-renewable source charging),",DATATHON,0,0,0,0,0,0,1,DATATHON,2.0
1289,1289,2678,Man,Polytechnic University School of Building of Barcelona (EPSEB),Third,4,8029.0,Combustion or electric motorcycle with non-renewable source charging,Combustion or electric motorcycle with non-renewable source charging,Combustion or electric motorcycle with non-renewable source charging,Yes,DATATHON,DATATHON,DATATHON,1,0,1,0,0,0,0,DATATHON,2.0
1297,1297,2688,Man,Polytechnic School of Engineering of Manresa (EPSEM),Third,5,8500.0,"Combustion vehicle (non-plug-in hybrid, electric or plug-in hybrid with non-renewable source charging),",DATATHON,DATATHON,Yes,DATATHON,DATATHON,DATATHON,1,0,0,0,0,0,0,Public transport on this line is terrible and impossible for students,2.0
1298,1298,2689,Woman,Faculty of Optics and Optometry of Terrassa (FOOT),First,4,8540.0,Combustion or electric motorcycle with non-renewable source charging,Combustion or electric motorcycle with non-renewable source charging,Combustion or electric motorcycle with non-renewable source charging,Yes,DATATHON,DATATHON,DATATHON,1,0,0,1,0,0,0,DATATHON,2.0
1304,1304,2700,Woman,School of Architecture of Vall√®s (ETSAV),Second,5,8304.0,"Combustion vehicle (non-plug-in hybrid, electric or plug-in hybrid with non-renewable source charging),","Combustion vehicle (non-plug-in hybrid, electric or plug-in hybrid with non-renewable source charging),","Combustion vehicle (non-plug-in hybrid, electric or plug-in hybrid with non-renewable source charging),",Yes,DATATHON,DATATHON,DATATHON,1,0,0,0,0,0,0,DATATHON,2.0
1305,1305,2702,Woman,Polytechnic University School of Building of Barcelona (EPSEB),Fourth,3,8024.0,Combustion or electric motorcycle with non-renewable source charging,Combustion or electric motorcycle with non-renewable source charging,Combustion or electric motorcycle with non-renewable source charging,Yes,DATATHON,DATATHON,DATATHON,1,0,1,0,0,0,0,DATATHON,2.0
1322,1322,2734,Woman,"School of Industrial, Aerospace and Audiovisual Engineering of Terrassa (ESEIAAT)",Fourth,5,8015.0,DATATHON,"Combustion vehicle (non-plug-in hybrid, electric or plug-in hybrid with non-renewable source charging),","Combustion vehicle (non-plug-in hybrid, electric or plug-in hybrid with non-renewable source charging),",Yes,DATATHON,DATATHON,DATATHON,0,1,0,0,0,0,1,DATATHON,2.0
1330,1330,2747,NR/DK,"Higher Technical School of Engineering of Roads, Canals and Ports of Barcelona (ETSECCPB)",First,2,8025.0,Combustion or electric motorcycle with non-renewable source charging,DATATHON,DATATHON,Yes,DATATHON,DATATHON,DATATHON,1,1,0,0,0,0,0,DATATHON,2.0
1342,1342,2765,Woman,Polytechnic University School of Building of Barcelona (EPSEB),First,2,8021.0,Combustion or electric motorcycle with non-renewable source charging,DATATHON,DATATHON,Yes,DATATHON,DATATHON,DATATHON,0,0,1,0,0,0,1,DATATHON,2.0
1346,1346,2776,Woman,Higher Technical School of Architecture of Barcelona (ETSAB),Second,5,8970.0,Combustion or electric motorcycle with non-renewable source charging,Bus,DATATHON,Yes,DATATHON,DATATHON,DATATHON,1,0,1,0,0,0,0,DATATHON,1.5
1357,1357,2796,Man,Polytechnic School of Engineering of Vilanova i la Geltr√∫ (EPSEVG),Second,2,43881.0,"Combustion vehicle (non-plug-in hybrid, electric or plug-in hybrid with non-renewable source charging),","Combustion vehicle (non-plug-in hybrid, electric or plug-in hybrid with non-renewable source charging),","Combustion vehicle (non-plug-in hybrid, electric or plug-in hybrid with non-renewable source charging),",Yes,DATATHON,DATATHON,DATATHON,1,1,0,0,0,0,0,DATATHON,2.0
1373,1373,2836,Woman,Polytechnic School of Engineering of Manresa (EPSEM),Second,4,8243.0,"Combustion vehicle (non-plug-in hybrid, electric or plug-in hybrid with non-renewable source charging),","Combustion vehicle (non-plug-in hybrid, electric or plug-in hybrid with non-renewable source charging),","Combustion vehicle (non-plug-in hybrid, electric or plug-in hybrid with non-renewable source charging),",Yes,DATATHON,DATATHON,DATATHON,1,0,1,0,0,0,0,DATATHON,2.0
1384,1384,2862,Man,Barcelona School of Informatics (FIB),First,1,8750.0,"Combustion vehicle (non-plug-in hybrid, electric or plug-in hybrid with non-renewable source charging),",DATATHON,DATATHON,Yes,DATATHON,DATATHON,DATATHON,1,0,0,0,0,0,0,DATATHON,2.0
1388,1388,2867,Woman,"School of Industrial, Aerospace and Audiovisual Engineering of Terrassa (ESEIAAT)",Third,5,8304.0,"Combustion vehicle (non-plug-in hybrid, electric or plug-in hybrid with non-renewable source charging),",DATATHON,DATATHON,Yes,DATATHON,DATATHON,DATATHON,0,0,0,1,0,0,0,DATATHON,2.0
1395,1395,2881,Woman,School of Telecommunications and Aerospace Engineering of Castelldefels (EETAC),Third,5,8396.0,"Combustion vehicle (non-plug-in hybrid, electric or plug-in hybrid with non-renewable source charging),",DATATHON,DATATHON,Yes,DATATHON,DATATHON,DATATHON,1,0,1,0,0,0,0,DATATHON,2.0
1396,1396,2884,Man,"School of Industrial, Aerospace and Audiovisual Engineering of Terrassa (ESEIAAT)",Second,4,8106.0,"Combustion vehicle (non-plug-in hybrid, electric or plug-in hybrid with non-renewable source charging),",DATATHON,DATATHON,Yes,DATATHON,DATATHON,DATATHON,1,1,0,0,0,0,0,DATATHON,2.0
1398,1398,2888,Woman,Higher Technical School of Industrial Engineering of Barcelona (ETSEIB),Third,5,8025.0,DATATHON,Combustion or electric motorcycle with non-renewable source charging,DATATHON,No,DATATHON,Bus,DATATHON,0,0,1,0,0,0,0,DATATHON,1.5
1403,1403,2894,Man,"School of Industrial, Aerospace and Audiovisual Engineering of Terrassa (ESEIAAT)",Fourth,5,8202.0,Electric vehicle (with Zero label and renewable source charging),Electric vehicle (with Zero label and renewable source charging),Electric vehicle (with Zero label and renewable source charging),Yes,DATATHON,DATATHON,DATATHON,1,0,1,0,0,0,0,DATATHON,2.0
1408,1408,2901,Man,Higher Technical School of Architecture of Barcelona (ETSAB),Third,5,8970.0,Combustion or electric motorcycle with non-renewable source charging,Combustion or electric motorcycle with non-renewable source charging,DATATHON,Yes,DATATHON,DATATHON,DATATHON,1,0,0,0,0,0,1,DATATHON,2.0
1421,1421,2925,Man,"School of Industrial, Aerospace and Audiovisual Engineering of Terrassa (ESEIAAT)",First,5,8019.0,"Combustion vehicle (non-plug-in hybrid, electric or plug-in hybrid with non-renewable source charging),",FGC,DATATHON,Yes,DATATHON,DATATHON,DATATHON,1,1,0,0,0,0,0,DATATHON,1.5
1425,1425,2930,Woman,Polytechnic University School of Building of Barcelona (EPSEB),First,4,8192.0,Underground,FGC,"Combustion vehicle (non-plug-in hybrid, electric or plug-in hybrid with non-renewable source charging),",No,Underground,FGC,Combustion or electric motorcycle with non-renewable source charging,1,1,0,0,0,0,0,DATATHON,1.3333333333333333
1442,1442,2960,Man,School of Agricultural Engineering and Biosystems of Barcelona (EEABB),Third,5,8550.0,"Combustion vehicle (non-plug-in hybrid, electric or plug-in hybrid with non-renewable source charging),","Combustion vehicle (non-plug-in hybrid, electric or plug-in hybrid with non-renewable source charging),","Combustion vehicle (non-plug-in hybrid, electric or plug-in hybrid with non-renewable source charging),",Yes,DATATHON,DATATHON,DATATHON,1,1,0,0,0,0,0,DATATHON,2.0
1444,1444,2964,Woman,Polytechnic University School of Building of Barcelona (EPSEB),Fourth,4,8912.0,Underground,Renfe,"Combustion vehicle (non-plug-in hybrid, electric or plug-in hybrid with non-renewable source charging),",Yes,DATATHON,DATATHON,DATATHON,0,0,0,0,0,0,0,Because I can't enter Barcelona with my car because it's old. It turns out cheaper than the subway but I can't use this option,1.3333333333333333
